Date(UTC),Pair,Type,Order Price,Order Amount,AvgTrading Price,Filled,Total,status
2021-01-03 09:39:48,BTCUSDT,SELL,34118.01,0.000400,34118.01,0.000400,13.65,Filled
,Date(UTC),Trading Price,Filled,Total,Fee,,,
,2021-01-03 09:45:10,34118.01,0.000400,13.64720400,0.00026744BNB,,,
2021-01-03 00:09:02,BTCUSDT,BUY,0.0,0.000400,32132.92,0.000400,12.86,Filled
,Date(UTC),Trading Price,Filled,Total,Fee,,,
,2021-01-03 00:09:02,32132.92,0.000400,12.85316800,0.00025077BNB,,,
2021-01-03 00:05:02,BTCUSDT,SELL,0.0,0.000400,32159.68,0.000400,12.87,Filled
,Date(UTC),Trading Price,Filled,Total,Fee,,,
,2021-01-03 00:05:02,32159.68,0.000400,12.86387200,0.00025149BNB,,,
2021-01-03 00:04:02,BTCUSDT,BUY,0.0,0.000400,32209.98,0.000400,12.89,Filled
,Date(UTC),Trading Price,Filled,Total,Fee,,,
,2021-01-03 00:04:02,32209.98,0.000400,12.88399200,0.00025167BNB,,,
2021-01-03 00:02:09,BTCUSDT,SELL,0.0,0.000400,32187.90,0.000400,12.88,Filled
,Date(UTC),Trading Price,Filled,Total,Fee,,,
,2021-01-03 00:02:09,32187.90,0.000400,12.87516000,0.00025260BNB,,,
2021-01-02 23:42:03,BTCUSDT,BUY,0.0,0.000400,31850.52,0.000400,12.75,Filled
,Date(UTC),Trading Price,Filled,Total,Fee,,,
,2021-01-02 23:42:03,31850.52,0.000400,12.74020800,0.00024997BNB,,,
2021-01-02 23:41:52,BTCUSDT,SELL,0.0,0.000400,31845.59,0.000400,12.74,Filled
,Date(UTC),Trading Price,Filled,Total,Fee,,,
,2021-01-02 23:41:52,31845.59,0.000400,12.73823600,0.00025041BNB,,,
2021-01-02 23:41:50,BTCUSDT,BUY,0.0,0.000400,31865.24,0.000400,12.75,Filled
,Date(UTC),Trading Price,Filled,Total,Fee,,,
,2021-01-02 23:41:50,31865.24,0.000400,12.74609600,0.00024997BNB,,,
2021-01-02 23:31:02,BTCUSDT,SELL,0.0,0.000400,31969.43,0.000400,12.79,Filled
,Date(UTC),Trading Price,Filled,Total,Fee,,,
,2021-01-02 23:31:02,31969.43,0.000400,12.78777200,0.00025137BNB,,,
2021-01-02 23:30:40,BTCUSDT,BUY,0.0,0.000400,31971.91,0.000400,12.79,Filled
,Date(UTC),Trading Price,Filled,Total,Fee,,,
,2021-01-02 23:30:40,31971.91,0.000400,12.78876400,0.00025119BNB,,,
2021-01-02 23:30:02,BTCUSDT,SELL,0.0,0.000400,31939.38,0.000400,12.78,Filled
,Date(UTC),Trading Price,Filled,Total,Fee,,,
,2021-01-02 23:30:02,31939.38,0.000400,12.77575200,0.00025129BNB,,,
2021-01-02 23:29:57,BTCUSDT,BUY,0.0,0.000400,31956.13,0.000400,12.79,Filled
,Date(UTC),Trading Price,Filled,Total,Fee,,,
,2021-01-02 23:29:57,31956.13,0.000400,12.78245200,0.00025135BNB,,,
2021-01-02 23:29:04,BTCUSDT,SELL,0.0,0.000400,31938.78,0.000400,12.78,Filled
,Date(UTC),Trading Price,Filled,Total,Fee,,,
,2021-01-02 23:29:04,31938.78,0.000400,12.77551200,0.00025098BNB,,,
2021-01-02 23:26:14,BTCUSDT,BUY,0.0,0.000400,31931.20,0.000400,12.78,Filled
,Date(UTC),Trading Price,Filled,Total,Fee,,,
,2021-01-02 23:26:14,31931.20,0.000400,12.77248000,0.00025116BNB,,,
2021-01-02 23:26:12,BTCUSDT,SELL,0.0,0.000400,31915.49,0.000400,12.77,Filled
,Date(UTC),Trading Price,Filled,Total,Fee,,,
,2021-01-02 23:26:12,31915.49,0.000400,12.76619600,0.00025080BNB,,,
2021-01-02 23:24:02,BTCUSDT,BUY,0.0,0.000400,31924.75,0.000400,12.77,Filled
,Date(UTC),Trading Price,Filled,Total,Fee,,,
,2021-01-02 23:24:02,31924.75,0.000400,12.76990000,0.00025095BNB,,,
2021-01-02 22:59:02,BTCUSDT,SELL,0.0,0.000400,32175.70,0.000400,12.88,Filled
,Date(UTC),Trading Price,Filled,Total,Fee,,,
,2021-01-02 22:59:02,32175.70,0.000400,12.87028000,0.00025343BNB,,,
2021-01-02 22:55:17,BTCUSDT,BUY,0.0,0.000400,32172.41,0.000400,12.87,Filled
,Date(UTC),Trading Price,Filled,Total,Fee,,,
,2021-01-02 22:55:17,32172.41,0.000319,10.26299879,0.00020234BNB,,,
,2021-01-02 22:55:17,32172.41,0.000081,2.60596521,0.00005058BNB,,,
2021-01-02 22:50:55,BTCUSDT,SELL,0.0,0.000400,32208.09,0.000400,12.89,Filled
,Date(UTC),Trading Price,Filled,Total,Fee,,,
,2021-01-02 22:50:55,32208.09,0.000400,12.88323600,0.00025323BNB,,,
2021-01-02 22:45:08,BTCUSDT,BUY,0.0,0.000400,32206.10,0.000400,12.89,Filled
,Date(UTC),Trading Price,Filled,Total,Fee,,,
,2021-01-02 22:45:08,32206.10,0.000400,12.88244000,0.00025329BNB,,,
2021-01-02 22:45:02,BTCUSDT,SELL,0.0,0.000400,32157.63,0.000400,12.87,Filled
,Date(UTC),Trading Price,Filled,Total,Fee,,,
,2021-01-02 22:45:02,32157.63,0.000400,12.86305200,0.00025296BNB,,,
2021-01-02 22:43:11,BTCUSDT,BUY,0.0,0.000400,32205.91,0.000400,12.89,Filled
,Date(UTC),Trading Price,Filled,Total,Fee,,,
,2021-01-02 22:43:11,32205.33,0.000020,0.64410660,0.00001266BNB,,,
,2021-01-02 22:43:11,32205.94,0.000380,12.23825720,0.00024054BNB,,,
2021-01-02 22:40:58,BTCUSDT,SELL,0.0,0.000400,32180.00,0.000400,12.88,Filled
,Date(UTC),Trading Price,Filled,Total,Fee,,,
,2021-01-02 22:40:58,32180.00,0.000400,12.87200000,0.00025368BNB,,,
2021-01-02 22:40:02,BTCUSDT,BUY,0.0,0.000400,32230.72,0.000400,12.90,Filled
,Date(UTC),Trading Price,Filled,Total,Fee,,,
,2021-01-02 22:40:02,32230.72,0.000400,12.89228800,0.00025386BNB,,,
2021-01-02 22:39:02,BTCUSDT,SELL,0.0,0.000400,32209.57,0.000400,12.89,Filled
,Date(UTC),Trading Price,Filled,Total,Fee,,,
,2021-01-02 22:39:02,32209.57,0.000400,12.88382800,0.00025407BNB,,,
2021-01-02 22:37:40,BTCUSDT,BUY,0.0,0.000400,32268.46,0.000400,12.91,Filled
,Date(UTC),Trading Price,Filled,Total,Fee,,,
,2021-01-02 22:37:40,32268.46,0.000400,12.90738400,0.00025389BNB,,,
2021-01-02 22:35:47,BTCUSDT,SELL,0.0,0.000400,32210.01,0.000400,12.89,Filled
,Date(UTC),Trading Price,Filled,Total,Fee,,,
,2021-01-02 22:35:47,32210.01,0.000400,12.88400400,0.00025383BNB,,,
2021-01-02 22:35:45,BTCUSDT,BUY,0.0,0.000400,32215.51,0.000400,12.89,Filled
,Date(UTC),Trading Price,Filled,Total,Fee,,,
,2021-01-02 22:35:45,32215.51,0.000400,12.88620400,0.00025423BNB,,,
2021-01-02 22:35:43,BTCUSDT,SELL,0.0,0.000400,32210.27,0.000400,12.89,Filled
,Date(UTC),Trading Price,Filled,Total,Fee,,,
,2021-01-02 22:35:43,32210.27,0.000400,12.88410800,0.00025384BNB,,,
2021-01-02 22:35:37,BTCUSDT,BUY,0.0,0.000400,32218.24,0.000400,12.89,Filled
,Date(UTC),Trading Price,Filled,Total,Fee,,,
,2021-01-02 22:35:37,32218.24,0.000400,12.88729600,0.00025423BNB,,,
2021-01-02 22:35:35,BTCUSDT,SELL,0.0,0.000400,32218.00,0.000400,12.89,Filled
,Date(UTC),Trading Price,Filled,Total,Fee,,,
,2021-01-02 22:35:35,32218.00,0.000400,12.88720000,0.00025390BNB,,,
2021-01-02 22:13:02,BTCUSDT,BUY,0.0,0.000400,31581.55,0.000400,12.64,Filled
,Date(UTC),Trading Price,Filled,Total,Fee,,,
,2021-01-02 22:13:02,31581.55,0.000400,12.63262000,0.00024945BNB,,,
2021-01-02 22:10:46,BTCUSDT,SELL,0.0,0.000400,31521.89,0.000400,12.61,Filled
,Date(UTC),Trading Price,Filled,Total,Fee,,,
,2021-01-02 22:10:46,31521.89,0.000400,12.60875600,0.00024928BNB,,,
2021-01-02 21:47:02,BTCUSDT,BUY,0.0,0.000400,31635.80,0.000400,12.66,Filled
,Date(UTC),Trading Price,Filled,Total,Fee,,,
,2021-01-02 21:47:02,31635.80,0.000400,12.65432000,0.00025003BNB,,,
2021-01-02 21:45:06,BTCUSDT,SELL,0.0,0.000400,31572.89,0.000400,12.63,Filled
,Date(UTC),Trading Price,Filled,Total,Fee,,,
,2021-01-02 21:45:06,31572.89,0.000400,12.62915600,0.00024982BNB,,,
2021-01-02 21:45:02,BTCUSDT,BUY,0.0,0.000400,31607.23,0.000400,12.65,Filled
,Date(UTC),Trading Price,Filled,Total,Fee,,,
,2021-01-02 21:45:02,31607.23,0.000400,12.64289200,0.00024999BNB,,,
2021-01-02 21:35:11,BTCUSDT,SELL,0.0,0.000400,31593.76,0.000400,12.64,Filled
,Date(UTC),Trading Price,Filled,Total,Fee,,,
,2021-01-02 21:35:11,31593.76,0.000400,12.63750400,0.00025028BNB,,,
2021-01-02 21:35:02,BTCUSDT,BUY,0.0,0.000400,31652.13,0.000400,12.67,Filled
,Date(UTC),Trading Price,Filled,Total,Fee,,,
,2021-01-02 21:35:02,31652.13,0.000400,12.66085200,0.00025024BNB,,,
2021-01-02 21:32:02,BTCUSDT,SELL,0.0,0.000400,31645.87,0.000400,12.66,Filled
,Date(UTC),Trading Price,Filled,Total,Fee,,,
,2021-01-02 21:32:02,31648.87,0.000022,0.69627514,0.00001380BNB,,,
,2021-01-02 21:32:02,31645.69,0.000378,11.96207082,0.00023711BNB,,,
2021-01-02 21:30:58,BTCUSDT,BUY,0.0,0.000400,31680.38,0.000400,12.68,Filled
,Date(UTC),Trading Price,Filled,Total,Fee,,,
,2021-01-02 21:30:58,31680.38,0.000400,12.67215200,0.00025041BNB,,,
2021-01-02 21:30:02,BTCUSDT,SELL,0.0,0.000400,31590.59,0.000400,12.64,Filled
,Date(UTC),Trading Price,Filled,Total,Fee,,,
,2021-01-02 21:30:02,31590.59,0.000400,12.63623600,0.00025055BNB,,,
2021-01-02 21:28:02,BTCUSDT,BUY,0.0,0.000400,31696.72,0.000400,12.68,Filled
,Date(UTC),Trading Price,Filled,Total,Fee,,,
,2021-01-02 21:28:02,31696.72,0.000400,12.67868800,0.00025062BNB,,,
2021-01-02 21:25:16,BTCUSDT,SELL,0.0,0.000400,31703.67,0.000400,12.69,Filled
,Date(UTC),Trading Price,Filled,Total,Fee,,,
,2021-01-02 21:25:16,31703.67,0.000400,12.68146800,0.00025149BNB,,,
2021-01-02 21:25:04,BTCUSDT,BUY,0.0,0.000400,31716.80,0.000400,12.69,Filled
,Date(UTC),Trading Price,Filled,Total,Fee,,,
,2021-01-02 21:25:04,31716.80,0.000400,12.68672000,0.00025192BNB,,,
2021-01-02 21:24:55,BTCUSDT,SELL,0.0,0.000400,31694.96,0.000400,12.68,Filled
,Date(UTC),Trading Price,Filled,Total,Fee,,,
,2021-01-02 21:24:55,31694.96,0.000400,12.67798400,0.00025143BNB,,,
2021-01-02 21:24:51,BTCUSDT,BUY,0.0,0.000400,31724.17,0.000400,12.69,Filled
,Date(UTC),Trading Price,Filled,Total,Fee,,,
,2021-01-02 21:24:51,31724.17,0.000400,12.68966800,0.00025192BNB,,,
2021-01-02 21:24:33,BTCUSDT,SELL,0.0,0.000400,31703.83,0.000400,12.69,Filled
,Date(UTC),Trading Price,Filled,Total,Fee,,,
,2021-01-02 21:24:33,31703.83,0.000400,12.68153200,0.00025149BNB,,,
2021-01-02 21:24:29,BTCUSDT,BUY,0.0,0.000400,31749.25,0.000400,12.70,Filled
,Date(UTC),Trading Price,Filled,Total,Fee,,,
,2021-01-02 21:24:29,31749.25,0.000400,12.69970000,0.00025192BNB,,,
2021-01-02 21:24:19,BTCUSDT,SELL,0.0,0.000400,31703.20,0.000400,12.69,Filled
,Date(UTC),Trading Price,Filled,Total,Fee,,,
,2021-01-02 21:24:19,31703.20,0.000400,12.68128000,0.00025149BNB,,,
2021-01-02 21:24:02,BTCUSDT,BUY,0.0,0.000400,31771.94,0.000400,12.71,Filled
,Date(UTC),Trading Price,Filled,Total,Fee,,,
,2021-01-02 21:24:02,31771.94,0.000400,12.70877600,0.00025062BNB,,,
2021-01-02 21:13:44,BNBBUSD,SELL,0.0,0.27,37.7772,0.27,10.1999,Filled
,Date(UTC),Trading Price,Filled,Total,Fee,,,
,2021-01-02 21:13:44,37.7772,0.27,10.19984400,0.00020217BNB,,,
2021-01-02 21:13:28,BNBBUSD,BUY,0.0,0.52,37.8181,0.52,19.6655,Filled
,Date(UTC),Trading Price,Filled,Total,Fee,,,
,2021-01-02 21:13:28,37.8181,0.52,19.66541200,0.00039000BNB,,,
2021-01-02 21:11:52,BTCUSDT,SELL,31363.48,0.000399,31392.59,0.000399,12.53,Filled
,Date(UTC),Trading Price,Filled,Total,Fee,,,
,2021-01-02 21:11:52,31392.59,0.000399,12.52564341,0.01252564USDT,,,
2021-01-02 20:52:10,BTCUSDT,BUY,0.0,0.000400,31737.45,0.000400,12.70,Filled
,Date(UTC),Trading Price,Filled,Total,Fee,,,
,2021-01-02 20:52:10,31737.45,0.000400,12.69498000,0.00000040BTC,,,
2021-01-02 20:38:14,BTCUSDT,SELL,0.0,0.000597,32102.19,0.000597,19.17,Filled
,Date(UTC),Trading Price,Filled,Total,Fee,,,
,2021-01-02 20:38:14,32102.19,0.000597,19.16500743,0.01916501USDT,,,
2021-01-02 20:23:02,BTCUSDT,BUY,0.0,0.000597,32386.66,0.000597,19.34,Filled
,Date(UTC),Trading Price,Filled,Total,Fee,,,
,2021-01-02 20:23:02,32386.66,0.000597,19.33483602,0.00000060BTC,,,
2021-01-02 17:23:28,BTCUSDT,SELL,0.0,0.000399,32645.71,0.000399,13.03,Filled
,Date(UTC),Trading Price,Filled,Total,Fee,,,
,2021-01-02 17:23:28,32645.71,0.000399,13.02563829,0.01302564USDT,,,
2021-01-02 17:23:19,BTCUSDT,SELL,32844.60,0.000399,0,0.000000,0.00,Canceled
2021-01-02 17:14:57,BTCUSDT,BUY,0.0,0.000400,32613.72,0.000400,13.05,Filled
,Date(UTC),Trading Price,Filled,Total,Fee,,,
,2021-01-02 17:14:57,32613.72,0.000400,13.04548800,0.00000040BTC,,,
2021-01-02 17:14:53,BTCUSDT,SELL,0.0,0.000400,32606.50,0.000400,13.05,Filled
,Date(UTC),Trading Price,Filled,Total,Fee,,,
,2021-01-02 17:14:53,32606.55,0.000313,10.20585015,0.00019767BNB,,,
,2021-01-02 17:14:53,32606.29,0.000087,2.83674723,0.00283675USDT,,,
2021-01-02 17:14:38,BTCUSDT,BUY,0.0,0.000400,32619.11,0.000400,13.05,Filled
,Date(UTC),Trading Price,Filled,Total,Fee,,,
,2021-01-02 17:14:38,32619.11,0.000400,13.04764400,0.00025263BNB,,,
2021-01-02 17:04:02,BTCUSDT,SELL,0.0,0.000400,32546.24,0.000400,13.02,Filled
,Date(UTC),Trading Price,Filled,Total,Fee,,,
,2021-01-02 17:04:02,32546.24,0.000400,13.01849600,0.00025375BNB,,,
2021-01-02 17:03:57,BTCUSDT,BUY,0.0,0.000400,32522.61,0.000400,13.01,Filled
,Date(UTC),Trading Price,Filled,Total,Fee,,,
,2021-01-02 17:03:57,32522.61,0.000400,13.00904400,0.00025412BNB,,,
2021-01-02 17:03:53,BTCUSDT,SELL,0.0,0.000400,32499.99,0.000400,13.00,Filled
,Date(UTC),Trading Price,Filled,Total,Fee,,,
,2021-01-02 17:03:53,32499.99,0.000400,12.99999600,0.00025339BNB,,,
2021-01-02 17:03:47,BTCUSDT,BUY,0.0,0.000400,32524.26,0.000400,13.01,Filled
,Date(UTC),Trading Price,Filled,Total,Fee,,,
,2021-01-02 17:03:47,32524.26,0.000400,13.00970400,0.00025412BNB,,,
2021-01-02 17:03:45,BTCUSDT,SELL,0.0,0.000400,32499.97,0.000400,13.00,Filled
,Date(UTC),Trading Price,Filled,Total,Fee,,,
,2021-01-02 17:03:45,32499.97,0.000400,12.99998800,0.00025339BNB,,,
2021-01-02 17:03:43,BTCUSDT,BUY,0.0,0.000400,32500.74,0.000400,13.01,Filled
,Date(UTC),Trading Price,Filled,Total,Fee,,,
,2021-01-02 17:03:43,32500.74,0.000400,13.00029600,0.00025412BNB,,,
2021-01-02 17:03:41,BTCUSDT,SELL,0.0,0.000400,32499.82,0.000400,13.00,Filled
,Date(UTC),Trading Price,Filled,Total,Fee,,,
,2021-01-02 17:03:41,32499.90,0.000200,6.49998000,0.00012669BNB,,,
,2021-01-02 17:03:41,32499.73,0.000200,6.49994600,0.00012669BNB,,,
2021-01-02 17:03:26,BTCUSDT,BUY,0.0,0.000400,32513.41,0.000400,13.01,Filled
,Date(UTC),Trading Price,Filled,Total,Fee,,,
,2021-01-02 17:03:26,32513.41,0.000400,13.00536400,0.00025412BNB,,,
2021-01-02 17:03:24,BTCUSDT,SELL,0.0,0.000400,32497.15,0.000400,13.00,Filled
,Date(UTC),Trading Price,Filled,Total,Fee,,,
,2021-01-02 17:03:24,32497.15,0.000400,12.99886000,0.00025337BNB,,,
2021-01-02 17:01:02,BTCUSDT,BUY,0.0,0.000400,32576.72,0.000400,13.04,Filled
,Date(UTC),Trading Price,Filled,Total,Fee,,,
,2021-01-02 17:01:02,32576.72,0.000400,13.03068800,0.00025371BNB,,,
2021-01-02 16:59:08,BTCUSDT,SELL,0.0,0.000400,32510.00,0.000400,13.01,Filled
,Date(UTC),Trading Price,Filled,Total,Fee,,,
,2021-01-02 16:59:08,32510.00,0.000400,13.00400000,0.00025521BNB,,,
2021-01-02 16:55:33,BTCUSDT,BUY,0.0,0.000400,32499.96,0.000400,13.00,Filled
,Date(UTC),Trading Price,Filled,Total,Fee,,,
,2021-01-02 16:55:33,32499.96,0.000400,12.99998400,0.00025518BNB,,,
2021-01-02 16:55:29,BTCUSDT,SELL,0.0,0.000400,32487.16,0.000400,13.00,Filled
,Date(UTC),Trading Price,Filled,Total,Fee,,,
,2021-01-02 16:55:29,32487.16,0.000400,12.99486400,0.00025564BNB,,,
2021-01-02 16:55:26,BTCUSDT,BUY,0.0,0.000400,32496.54,0.000400,13.00,Filled
,Date(UTC),Trading Price,Filled,Total,Fee,,,
,2021-01-02 16:55:26,32496.54,0.000400,12.99861600,0.00025518BNB,,,
2021-01-02 16:53:59,BTCUSDT,SELL,0.0,0.000400,32373.36,0.000400,12.95,Filled
,Date(UTC),Trading Price,Filled,Total,Fee,,,
,2021-01-02 16:53:59,32373.36,0.000400,12.94934400,0.00025618BNB,,,
2021-01-02 16:53:55,BTCUSDT,BUY,0.0,0.000400,32403.03,0.000400,12.97,Filled
,Date(UTC),Trading Price,Filled,Total,Fee,,,
,2021-01-02 16:53:55,32402.66,0.000004,0.12961064,0.00000639BNB,,,
,2021-01-02 16:53:55,32403.03,0.000396,12.83159988,0.00025605BNB,,,
2021-01-02 16:53:47,BTCUSDT,SELL,0.0,0.000400,32390.60,0.000400,12.96,Filled
,Date(UTC),Trading Price,Filled,Total,Fee,,,
,2021-01-02 16:53:47,32390.60,0.000400,12.95624000,0.00025632BNB,,,
2021-01-02 16:53:43,BTCUSDT,BUY,0.0,0.000400,32398.95,0.000400,12.96,Filled
,Date(UTC),Trading Price,Filled,Total,Fee,,,
,2021-01-02 16:53:43,32398.95,0.000400,12.95958000,0.00025605BNB,,,
2021-01-02 16:53:33,BTCUSDT,SELL,0.0,0.000400,32363.85,0.000400,12.95,Filled
,Date(UTC),Trading Price,Filled,Total,Fee,,,
,2021-01-02 16:53:33,32363.85,0.000400,12.94554000,0.00025611BNB,,,
2021-01-02 16:53:20,BTCUSDT,BUY,0.0,0.000400,32425.13,0.000400,12.98,Filled
,Date(UTC),Trading Price,Filled,Total,Fee,,,
,2021-01-02 16:53:20,32425.13,0.000400,12.97005200,0.00025605BNB,,,
2021-01-02 16:53:18,BTCUSDT,SELL,0.0,0.000400,32383.64,0.000400,12.96,Filled
,Date(UTC),Trading Price,Filled,Total,Fee,,,
,2021-01-02 16:53:18,32383.64,0.000400,12.95345600,0.00025626BNB,,,
2021-01-02 16:53:16,BTCUSDT,BUY,0.0,0.000400,32400.81,0.000400,12.97,Filled
,Date(UTC),Trading Price,Filled,Total,Fee,,,
,2021-01-02 16:53:16,32400.81,0.000400,12.96032400,0.00025605BNB,,,
2021-01-02 16:53:04,BTCUSDT,SELL,0.0,0.000400,32371.34,0.000400,12.95,Filled
,Date(UTC),Trading Price,Filled,Total,Fee,,,
,2021-01-02 16:53:04,32371.34,0.000400,12.94853600,0.00025592BNB,,,
2021-01-02 16:52:55,BTCUSDT,BUY,0.0,0.000400,32365.92,0.000400,12.95,Filled
,Date(UTC),Trading Price,Filled,Total,Fee,,,
,2021-01-02 16:52:55,32365.92,0.000400,12.94636800,0.00025660BNB,,,
2021-01-02 16:52:51,BTCUSDT,SELL,0.0,0.000400,32363.42,0.000400,12.95,Filled
,Date(UTC),Trading Price,Filled,Total,Fee,,,
,2021-01-02 16:52:51,32363.42,0.000400,12.94536800,0.00025585BNB,,,
2021-01-02 16:52:30,BTCUSDT,BUY,0.0,0.000400,32362.54,0.000400,12.95,Filled
,Date(UTC),Trading Price,Filled,Total,Fee,,,
,2021-01-02 16:52:30,32362.54,0.000400,12.94501600,0.00025660BNB,,,
2021-01-02 16:46:33,BTCUSDT,SELL,0.0,0.000400,32750.95,0.000400,13.11,Filled
,Date(UTC),Trading Price,Filled,Total,Fee,,,
,2021-01-02 16:46:33,32750.95,0.000400,13.10038000,0.00025873BNB,,,
2021-01-02 16:46:31,BTCUSDT,BUY,0.0,0.000400,32777.33,0.000400,13.12,Filled
,Date(UTC),Trading Price,Filled,Total,Fee,,,
,2021-01-02 16:46:31,32777.33,0.000400,13.11093200,0.00025904BNB,,,
2021-01-02 16:46:23,BTCUSDT,SELL,0.0,0.000400,32733.08,0.000400,13.10,Filled
,Date(UTC),Trading Price,Filled,Total,Fee,,,
,2021-01-02 16:46:23,32736.09,0.000005,0.16368045,0.00000323BNB,,,
,2021-01-02 16:46:23,32733.04,0.000395,12.92955080,0.00025536BNB,,,
2021-01-02 16:46:20,BTCUSDT,BUY,0.0,0.000400,32767.74,0.000400,13.11,Filled
,Date(UTC),Trading Price,Filled,Total,Fee,,,
,2021-01-02 16:46:20,32767.74,0.000400,13.10709600,0.00025904BNB,,,
2021-01-02 16:46:10,BTCUSDT,SELL,0.0,0.000400,32730.01,0.000400,13.10,Filled
,Date(UTC),Trading Price,Filled,Total,Fee,,,
,2021-01-02 16:46:10,32730.01,0.000400,13.09200400,0.00025857BNB,,,
2021-01-02 16:46:06,BTCUSDT,BUY,0.0,0.000400,32793.18,0.000400,13.12,Filled
,Date(UTC),Trading Price,Filled,Total,Fee,,,
,2021-01-02 16:46:06,32793.18,0.000400,13.11727200,0.00025806BNB,,,
2021-01-02 16:43:02,BTCUSDT,SELL,0.0,0.000400,32830.56,0.000400,13.14,Filled
,Date(UTC),Trading Price,Filled,Total,Fee,,,
,2021-01-02 16:43:02,32830.56,0.000400,13.13222400,0.00025911BNB,,,
2021-01-02 16:43:00,BTCUSDT,BUY,0.0,0.000400,32808.22,0.000400,13.13,Filled
,Date(UTC),Trading Price,Filled,Total,Fee,,,
,2021-01-02 16:43:00,32808.22,0.000400,13.12328800,0.00025965BNB,,,
2021-01-02 16:42:59,BTCUSDT,SELL,0.0,0.000400,32800.62,0.000400,13.13,Filled
,Date(UTC),Trading Price,Filled,Total,Fee,,,
,2021-01-02 16:42:59,32800.62,0.000400,13.12024800,0.00025887BNB,,,
2021-01-02 16:41:46,BTCUSDT,BUY,0.0,0.000400,32870.98,0.000400,13.15,Filled
,Date(UTC),Trading Price,Filled,Total,Fee,,,
,2021-01-02 16:41:46,32870.98,0.000400,13.14839200,0.00025881BNB,,,
2021-01-02 16:41:41,BTCUSDT,SELL,0.0,0.000400,32777.41,0.000400,13.12,Filled
,Date(UTC),Trading Price,Filled,Total,Fee,,,
,2021-01-02 16:41:41,32777.41,0.000400,13.11096400,0.00025875BNB,,,
2021-01-02 16:41:24,BTCUSDT,BUY,0.0,0.000400,32889.99,0.000400,13.16,Filled
,Date(UTC),Trading Price,Filled,Total,Fee,,,
,2021-01-02 16:41:24,32889.99,0.000400,13.15599600,0.00025881BNB,,,
2021-01-02 16:40:50,BTCUSDT,SELL,0.0,0.000400,32744.82,0.000400,13.10,Filled
,Date(UTC),Trading Price,Filled,Total,Fee,,,
,2021-01-02 16:40:50,32744.82,0.000400,13.09792800,0.00025848BNB,,,
2021-01-02 16:40:43,BTCUSDT,SELL,32844.60,0.000400,0,0.000000,0.00,Canceled
2021-01-02 15:01:08,BTCUSDT,BUY,0.0,0.000400,31313.00,0.000400,12.53,Filled
,Date(UTC),Trading Price,Filled,Total,Fee,,,
,2021-01-02 15:01:08,31313.00,0.000400,12.52520000,0.00024681BNB,,,
2021-01-02 15:00:49,BTCUSDT,SELL,0.0,0.000400,31291.00,0.000400,12.52,Filled
,Date(UTC),Trading Price,Filled,Total,Fee,,,
,2021-01-02 15:00:49,31291.00,0.000400,12.51640000,0.00024669BNB,,,
2021-01-02 15:00:39,BTCUSDT,BUY,0.0,0.000400,31306.93,0.000400,12.53,Filled
,Date(UTC),Trading Price,Filled,Total,Fee,,,
,2021-01-02 15:00:39,31306.93,0.000400,12.52277200,0.00024669BNB,,,
2021-01-02 15:00:37,BTCUSDT,SELL,0.0,0.000400,31300.35,0.000400,12.53,Filled
,Date(UTC),Trading Price,Filled,Total,Fee,,,
,2021-01-02 15:00:37,31300.35,0.000400,12.52014000,0.00024676BNB,,,
2021-01-02 15:00:35,BTCUSDT,BUY,0.0,0.000400,31308.00,0.000400,12.53,Filled
,Date(UTC),Trading Price,Filled,Total,Fee,,,
,2021-01-02 15:00:35,31308.00,0.000400,12.52320000,0.00024669BNB,,,
2021-01-02 15:00:24,BTCUSDT,SELL,0.0,0.000400,31301.71,0.000400,12.53,Filled
,Date(UTC),Trading Price,Filled,Total,Fee,,,
,2021-01-02 15:00:24,31301.71,0.000400,12.52068400,0.00024678BNB,,,
2021-01-02 14:55:48,BTCUSDT,BUY,0.0,0.000400,31249.45,0.000400,12.50,Filled
,Date(UTC),Trading Price,Filled,Total,Fee,,,
,2021-01-02 14:55:48,31249.45,0.000400,12.49978000,0.00024652BNB,,,
2021-01-02 14:39:02,BTCUSDT,SELL,0.0,0.000400,31244.97,0.000400,12.50,Filled
,Date(UTC),Trading Price,Filled,Total,Fee,,,
,2021-01-02 14:39:02,31244.97,0.000400,12.49798800,0.00024786BNB,,,
2021-01-02 14:24:08,BTCUSDT,BUY,0.0,0.000400,31168.03,0.000400,12.47,Filled
,Date(UTC),Trading Price,Filled,Total,Fee,,,
,2021-01-02 14:24:08,31168.03,0.000002,0.06233606,0.00000618BNB,,,
,2021-01-02 14:24:08,31168.03,0.000398,12.40487594,0.00024760BNB,,,
2021-01-02 14:13:33,BTCUSDT,SELL,0.0,0.000400,31355.87,0.000400,12.55,Filled
,Date(UTC),Trading Price,Filled,Total,Fee,,,
,2021-01-02 14:13:33,31355.87,0.000400,12.54234800,0.00024756BNB,,,
2021-01-02 14:13:16,BTCUSDT,BUY,0.0,0.000400,31361.95,0.000400,12.55,Filled
,Date(UTC),Trading Price,Filled,Total,Fee,,,
,2021-01-02 14:13:16,31361.95,0.000400,12.54478000,0.00024791BNB,,,
2021-01-02 14:13:12,BTCUSDT,SELL,0.0,0.000400,31361.53,0.000400,12.55,Filled
,Date(UTC),Trading Price,Filled,Total,Fee,,,
,2021-01-02 14:13:12,31361.53,0.000400,12.54461200,0.00024760BNB,,,
2021-01-02 14:10:56,BTCUSDT,BUY,0.0,0.000400,31379.24,0.000400,12.56,Filled
,Date(UTC),Trading Price,Filled,Total,Fee,,,
,2021-01-02 14:10:56,31379.24,0.000400,12.55169600,0.00024746BNB,,,
2021-01-02 14:10:50,BTCUSDT,SELL,0.0,0.000400,31370.53,0.000400,12.55,Filled
,Date(UTC),Trading Price,Filled,Total,Fee,,,
,2021-01-02 14:10:50,31370.53,0.000400,12.54821200,0.00024753BNB,,,
2021-01-02 14:10:35,BTCUSDT,BUY,0.0,0.000400,31389.94,0.000400,12.56,Filled
,Date(UTC),Trading Price,Filled,Total,Fee,,,
,2021-01-02 14:10:35,31389.94,0.000400,12.55597600,0.00024746BNB,,,
2021-01-02 14:09:02,BTCUSDT,SELL,0.0,0.000400,31350.00,0.000400,12.54,Filled
,Date(UTC),Trading Price,Filled,Total,Fee,,,
,2021-01-02 14:09:02,31350.00,0.000400,12.54000000,0.00024747BNB,,,
2021-01-02 14:07:47,BTCUSDT,BUY,0.0,0.000400,31395.40,0.000400,12.56,Filled
,Date(UTC),Trading Price,Filled,Total,Fee,,,
,2021-01-02 14:07:47,31395.40,0.000400,12.55816000,0.00024783BNB,,,
2021-01-02 14:02:51,BTCUSDT,SELL,0.0,0.000400,31385.65,0.000400,12.56,Filled
,Date(UTC),Trading Price,Filled,Total,Fee,,,
,2021-01-02 14:02:51,31385.65,0.000400,12.55426000,0.00024723BNB,,,
2021-01-02 14:02:45,BTCUSDT,BUY,0.0,0.000400,31393.46,0.000400,12.56,Filled
,Date(UTC),Trading Price,Filled,Total,Fee,,,
,2021-01-02 14:02:45,31393.46,0.000400,12.55738400,0.00024758BNB,,,
2021-01-02 14:02:43,BTCUSDT,SELL,0.0,0.000400,31385.45,0.000400,12.56,Filled
,Date(UTC),Trading Price,Filled,Total,Fee,,,
,2021-01-02 14:02:43,31385.45,0.000400,12.55418000,0.00024723BNB,,,
2021-01-02 13:57:30,BTCUSDT,BUY,0.0,0.000400,31295.64,0.000400,12.52,Filled
,Date(UTC),Trading Price,Filled,Total,Fee,,,
,2021-01-02 13:57:30,31295.64,0.000400,12.51825600,0.00024597BNB,,,
2021-01-02 13:57:28,BTCUSDT,SELL,0.0,0.000400,31259.56,0.000400,12.51,Filled
,Date(UTC),Trading Price,Filled,Total,Fee,,,
,2021-01-02 13:57:28,31259.56,0.000400,12.50382400,0.00024570BNB,,,
2021-01-02 13:49:22,BTCUSDT,BUY,0.0,0.000400,31205.09,0.000400,12.49,Filled
,Date(UTC),Trading Price,Filled,Total,Fee,,,
,2021-01-02 13:49:22,31205.09,0.000400,12.48203600,0.00024559BNB,,,
2021-01-02 13:49:10,BTCUSDT,SELL,0.0,0.000400,31180.00,0.000400,12.48,Filled
,Date(UTC),Trading Price,Filled,Total,Fee,,,
,2021-01-02 13:49:10,31180.00,0.000400,12.47200000,0.00024539BNB,,,
2021-01-02 13:37:02,BTCUSDT,BUY,0.0,0.000400,30823.25,0.000400,12.33,Filled
,Date(UTC),Trading Price,Filled,Total,Fee,,,
,2021-01-02 13:37:02,30823.25,0.000400,12.32930000,0.00024291BNB,,,
2021-01-02 13:33:38,BTCUSDT,SELL,0.0,0.000400,30793.04,0.000400,12.32,Filled
,Date(UTC),Trading Price,Filled,Total,Fee,,,
,2021-01-02 13:33:38,30793.04,0.000400,12.31721600,0.00024321BNB,,,
2021-01-02 13:33:36,BTCUSDT,BUY,0.0,0.000400,30813.74,0.000400,12.33,Filled
,Date(UTC),Trading Price,Filled,Total,Fee,,,
,2021-01-02 13:33:36,30813.74,0.000400,12.32549600,0.00024346BNB,,,
2021-01-02 13:33:30,BTCUSDT,SELL,0.0,0.000400,30802.31,0.000400,12.33,Filled
,Date(UTC),Trading Price,Filled,Total,Fee,,,
,2021-01-02 13:33:30,30802.31,0.000400,12.32092400,0.00024329BNB,,,
2021-01-02 13:33:28,BTCUSDT,BUY,0.0,0.000400,30810.85,0.000400,12.33,Filled
,Date(UTC),Trading Price,Filled,Total,Fee,,,
,2021-01-02 13:33:28,30810.85,0.000400,12.32434000,0.00024346BNB,,,
2021-01-02 13:33:26,BTCUSDT,SELL,0.0,0.000400,30807.05,0.000400,12.33,Filled
,Date(UTC),Trading Price,Filled,Total,Fee,,,
,2021-01-02 13:33:26,30807.05,0.000400,12.32282000,0.00024333BNB,,,
2021-01-02 13:32:53,BTCUSDT,BUY,0.0,0.000400,30827.61,0.000400,12.34,Filled
,Date(UTC),Trading Price,Filled,Total,Fee,,,
,2021-01-02 13:32:53,30826.43,0.000004,0.12330572,0.00000607BNB,,,
,2021-01-02 13:32:53,30827.62,0.000396,12.20773752,0.00024326BNB,,,
2021-01-02 13:32:18,BTCUSDT,SELL,0.0,0.000400,30820.10,0.000400,12.33,Filled
,Date(UTC),Trading Price,Filled,Total,Fee,,,
,2021-01-02 13:32:18,30820.10,0.000400,12.32804000,0.00024322BNB,,,
2021-01-02 13:25:30,BTCUSDT,BUY,0.0,0.000400,30746.54,0.000400,12.30,Filled
,Date(UTC),Trading Price,Filled,Total,Fee,,,
,2021-01-02 13:25:30,30746.54,0.000400,12.29861600,0.00024279BNB,,,
2021-01-02 13:21:00,BTCUSDT,SELL,0.0,0.000400,30761.04,0.000400,12.31,Filled
,Date(UTC),Trading Price,Filled,Total,Fee,,,
,2021-01-02 13:21:00,30761.04,0.000400,12.30441600,0.00024226BNB,,,
2021-01-02 13:20:59,BTCUSDT,BUY,0.0,0.000400,30764.82,0.000400,12.31,Filled
,Date(UTC),Trading Price,Filled,Total,Fee,,,
,2021-01-02 13:20:59,30764.82,0.000400,12.30592800,0.00024281BNB,,,
2021-01-02 13:20:47,BTCUSDT,SELL,0.0,0.000400,30762.06,0.000400,12.31,Filled
,Date(UTC),Trading Price,Filled,Total,Fee,,,
,2021-01-02 13:20:47,30762.06,0.000400,12.30482400,0.00024227BNB,,,
2021-01-02 13:16:59,BTCUSDT,BUY,0.0,0.000400,30788.26,0.000400,12.32,Filled
,Date(UTC),Trading Price,Filled,Total,Fee,,,
,2021-01-02 13:16:59,30788.26,0.000400,12.31530400,0.00024197BNB,,,
2021-01-02 13:16:53,BTCUSDT,SELL,0.0,0.000400,30779.13,0.000400,12.32,Filled
,Date(UTC),Trading Price,Filled,Total,Fee,,,
,2021-01-02 13:16:53,30779.13,0.000400,12.31165200,0.00024231BNB,,,
2021-01-02 13:16:51,BTCUSDT,BUY,0.0,0.000400,30791.99,0.000400,12.32,Filled
,Date(UTC),Trading Price,Filled,Total,Fee,,,
,2021-01-02 13:16:51,30791.99,0.000400,12.31679600,0.00024197BNB,,,
2021-01-02 13:16:02,BTCUSDT,SELL,0.0,0.000400,30725.00,0.000400,12.29,Filled
,Date(UTC),Trading Price,Filled,Total,Fee,,,
,2021-01-02 13:16:02,30725.00,0.000400,12.29000000,0.00024216BNB,,,
2021-01-02 13:15:56,BTCUSDT,BUY,0.0,0.000400,30734.64,0.000400,12.30,Filled
,Date(UTC),Trading Price,Filled,Total,Fee,,,
,2021-01-02 13:15:56,30734.64,0.000400,12.29385600,0.00024255BNB,,,
2021-01-02 13:15:54,BTCUSDT,SELL,0.0,0.000400,30724.15,0.000400,12.29,Filled
,Date(UTC),Trading Price,Filled,Total,Fee,,,
,2021-01-02 13:15:54,30724.15,0.000400,12.28966000,0.00024215BNB,,,
2021-01-02 13:09:45,BTCUSDT,BUY,0.0,0.000400,30635.97,0.000400,12.26,Filled
,Date(UTC),Trading Price,Filled,Total,Fee,,,
,2021-01-02 13:09:45,30635.97,0.000400,12.25438800,0.00024117BNB,,,
2021-01-02 13:09:35,BTCUSDT,SELL,0.0,0.000400,30623.67,0.000400,12.25,Filled
,Date(UTC),Trading Price,Filled,Total,Fee,,,
,2021-01-02 13:09:35,30623.67,0.000400,12.24946800,0.00024101BNB,,,
2021-01-02 13:09:31,BTCUSDT,BUY,0.0,0.000400,30640.85,0.000400,12.26,Filled
,Date(UTC),Trading Price,Filled,Total,Fee,,,
,2021-01-02 13:09:31,30640.85,0.000400,12.25634000,0.00024117BNB,,,
2021-01-02 13:09:23,BTCUSDT,SELL,0.0,0.000400,30633.84,0.000400,12.26,Filled
,Date(UTC),Trading Price,Filled,Total,Fee,,,
,2021-01-02 13:09:23,30633.84,0.000400,12.25353600,0.00024109BNB,,,
2021-01-02 13:09:18,BTCUSDT,BUY,0.0,0.000400,30637.49,0.000400,12.26,Filled
,Date(UTC),Trading Price,Filled,Total,Fee,,,
,2021-01-02 13:09:18,30637.49,0.000400,12.25499600,0.00024117BNB,,,
2021-01-02 13:09:16,BTCUSDT,SELL,0.0,0.000400,30631.76,0.000400,12.26,Filled
,Date(UTC),Trading Price,Filled,Total,Fee,,,
,2021-01-02 13:09:16,30631.76,0.000400,12.25270400,0.00024108BNB,,,
2021-01-02 13:09:14,BTCUSDT,BUY,0.0,0.000400,30622.63,0.000400,12.25,Filled
,Date(UTC),Trading Price,Filled,Total,Fee,,,
,2021-01-02 13:09:14,30622.63,0.000400,12.24905200,0.00024117BNB,,,
2021-01-02 13:09:12,BTCUSDT,SELL,0.0,0.000400,30633.85,0.000400,12.26,Filled
,Date(UTC),Trading Price,Filled,Total,Fee,,,
,2021-01-02 13:09:12,30633.85,0.000400,12.25354000,0.00024109BNB,,,
2021-01-02 13:09:06,BTCUSDT,BUY,0.0,0.000400,30647.40,0.000400,12.26,Filled
,Date(UTC),Trading Price,Filled,Total,Fee,,,
,2021-01-02 13:09:06,30647.40,0.000400,12.25896000,0.00024171BNB,,,
2021-01-02 13:08:06,BTCUSDT,SELL,0.0,0.000400,30601.64,0.000400,12.25,Filled
,Date(UTC),Trading Price,Filled,Total,Fee,,,
,2021-01-02 13:08:06,30601.64,0.000400,12.24065600,0.00024204BNB,,,
2021-01-02 13:08:02,BTCUSDT,BUY,0.0,0.000400,30631.48,0.000400,12.26,Filled
,Date(UTC),Trading Price,Filled,Total,Fee,,,
,2021-01-02 13:08:02,30631.48,0.000400,12.25259200,0.00024183BNB,,,
2021-01-02 13:07:02,BTCUSDT,SELL,0.0,0.000400,30567.51,0.000400,12.23,Filled
,Date(UTC),Trading Price,Filled,Total,Fee,,,
,2021-01-02 13:07:02,30567.51,0.000400,12.22700400,0.00024244BNB,,,
2021-01-02 13:03:43,BTCUSDT,BUY,0.0,0.000400,30624.62,0.000400,12.25,Filled
,Date(UTC),Trading Price,Filled,Total,Fee,,,
,2021-01-02 13:03:43,30624.62,0.000400,12.24984800,0.00024348BNB,,,
2021-01-02 12:57:02,BTCUSDT,SELL,0.0,0.000400,30650.25,0.000400,12.27,Filled
,Date(UTC),Trading Price,Filled,Total,Fee,,,
,2021-01-02 12:57:02,30650.25,0.000400,12.26010000,0.00024419BNB,,,
2021-01-02 12:54:16,BTCUSDT,BUY,0.0,0.000400,30639.02,0.000400,12.26,Filled
,Date(UTC),Trading Price,Filled,Total,Fee,,,
,2021-01-02 12:54:16,30639.02,0.000400,12.25560800,0.00024368BNB,,,
2021-01-02 12:54:14,BTCUSDT,SELL,0.0,0.000400,30631.82,0.000400,12.26,Filled
,Date(UTC),Trading Price,Filled,Total,Fee,,,
,2021-01-02 12:54:14,30631.82,0.000400,12.25272800,0.00024363BNB,,,
2021-01-02 12:42:53,BTCUSDT,BUY,0.0,0.000400,30517.07,0.000400,12.21,Filled
,Date(UTC),Trading Price,Filled,Total,Fee,,,
,2021-01-02 12:42:53,30517.07,0.000400,12.20682800,0.00024352BNB,,,
2021-01-02 12:42:51,BTCUSDT,SELL,0.0,0.000400,30503.08,0.000400,12.21,Filled
,Date(UTC),Trading Price,Filled,Total,Fee,,,
,2021-01-02 12:42:51,30503.56,0.000023,0.70158188,0.00001399BNB,,,
,2021-01-02 12:42:51,30503.05,0.000377,11.49964985,0.00022945BNB,,,
2021-01-02 12:42:49,BTCUSDT,BUY,0.0,0.000400,30509.64,0.000400,12.21,Filled
,Date(UTC),Trading Price,Filled,Total,Fee,,,
,2021-01-02 12:42:49,30509.64,0.000400,12.20385600,0.00024352BNB,,,
2021-01-02 12:42:41,BTCUSDT,SELL,0.0,0.000400,30499.99,0.000400,12.20,Filled
,Date(UTC),Trading Price,Filled,Total,Fee,,,
,2021-01-02 12:42:41,30499.99,0.000400,12.19999600,0.00024342BNB,,,
2021-01-02 12:42:35,BTCUSDT,BUY,0.0,0.000400,30518.62,0.000400,12.21,Filled
,Date(UTC),Trading Price,Filled,Total,Fee,,,
,2021-01-02 12:42:35,30518.62,0.000400,12.20744800,0.00024352BNB,,,
2021-01-02 12:42:12,BTCUSDT,SELL,0.0,0.000400,30508.96,0.000400,12.21,Filled
,Date(UTC),Trading Price,Filled,Total,Fee,,,
,2021-01-02 12:42:12,30508.96,0.000400,12.20358400,0.00024350BNB,,,
2021-01-02 12:42:08,BTCUSDT,BUY,0.0,0.000400,30510.86,0.000400,12.21,Filled
,Date(UTC),Trading Price,Filled,Total,Fee,,,
,2021-01-02 12:42:08,30510.86,0.000400,12.20434400,0.00024378BNB,,,
2021-01-02 12:31:43,BTCUSDT,SELL,0.0,0.000400,30292.29,0.000400,12.12,Filled
,Date(UTC),Trading Price,Filled,Total,Fee,,,
,2021-01-02 12:31:43,30292.29,0.000400,12.11691600,0.00024345BNB,,,
2021-01-02 12:31:35,BTCUSDT,BUY,0.0,0.000400,30313.17,0.000400,12.13,Filled
,Date(UTC),Trading Price,Filled,Total,Fee,,,
,2021-01-02 12:31:35,30313.17,0.000400,12.12526800,0.00024381BNB,,,
2021-01-02 12:31:31,BTCUSDT,SELL,0.0,0.000400,30297.39,0.000400,12.12,Filled
,Date(UTC),Trading Price,Filled,Total,Fee,,,
,2021-01-02 12:31:31,30297.39,0.000400,12.11895600,0.00024349BNB,,,
2021-01-02 12:31:02,BTCUSDT,BUY,0.0,0.000400,30363.02,0.000400,12.15,Filled
,Date(UTC),Trading Price,Filled,Total,Fee,,,
,2021-01-02 12:31:02,30363.02,0.000400,12.14520800,0.00024397BNB,,,
2021-01-02 12:29:40,BTCUSDT,SELL,29885.54,0.000400,30300.01,0.000400,12.13,Filled
,Date(UTC),Trading Price,Filled,Total,Fee,,,
,2021-01-02 12:29:40,30300.01,0.000018,0.54540018,0.00001098BNB,,,
,2021-01-02 12:29:40,30300.01,0.000382,11.57460382,0.00023306BNB,,,
2021-01-02 12:22:10,BUSDUSDT,BUY,0.0,10.11,0.9981,10.11,10.0908,Filled
,Date(UTC),Trading Price,Filled,Total,Fee,,,
,2021-01-02 12:22:10,0.9981,10.11,10.09079100,0.00020367BNB,,,
2021-01-02 12:20:41,BUSDUSDT,BUY,0.9982,50.09,0.9982,50.09,49.9999,Filled
,Date(UTC),Trading Price,Filled,Total,Fee,,,
,2021-01-02 12:20:41,0.9982,50.09,49.99983800,0.00101230BNB,,,
2021-01-02 12:20:02,BTCUSDT,BUY,0.0,0.000400,29923.99,0.000400,11.97,Filled
,Date(UTC),Trading Price,Filled,Total,Fee,,,
,2021-01-02 12:20:02,29923.99,0.000400,11.96959600,0.00024236BNB,,,
2021-01-02 12:19:25,ETHUSDT,SELL,0.0,0.08623,729.10,0.08623,62.88,Filled
,Date(UTC),Trading Price,Filled,Total,Fee,,,
,2021-01-02 12:19:25,729.10,0.08623,62.87029300,0.00127596BNB,,,
2021-01-02 12:17:59,BTCUSDT,SELL,0.0,0.000400,29816.34,0.000400,11.93,Filled
,Date(UTC),Trading Price,Filled,Total,Fee,,,
,2021-01-02 12:17:59,29816.34,0.000400,11.92653600,0.00024169BNB,,,
2021-01-02 11:58:38,BTCUSDT,BUY,0.0,0.000400,29747.15,0.000400,11.90,Filled
,Date(UTC),Trading Price,Filled,Total,Fee,,,
,2021-01-02 11:58:38,29747.15,0.000400,11.89886000,0.00023896BNB,,,
2021-01-02 11:58:32,BTCUSDT,SELL,0.0,0.000400,29741.91,0.000400,11.90,Filled
,Date(UTC),Trading Price,Filled,Total,Fee,,,
,2021-01-02 11:58:32,29741.91,0.000400,11.89676400,0.00023898BNB,,,
2021-01-02 11:58:27,BTCUSDT,BUY,0.0,0.000400,29747.81,0.000400,11.90,Filled
,Date(UTC),Trading Price,Filled,Total,Fee,,,
,2021-01-02 11:58:27,29747.81,0.000400,11.89912400,0.00023896BNB,,,
2021-01-02 11:57:02,BTCUSDT,SELL,0.0,0.000400,29740.63,0.000400,11.90,Filled
,Date(UTC),Trading Price,Filled,Total,Fee,,,
,2021-01-02 11:57:02,29740.63,0.000400,11.89625200,0.00023901BNB,,,
2021-01-02 11:56:02,BTCUSDT,BUY,0.0,0.000400,29741.40,0.000400,11.90,Filled
,Date(UTC),Trading Price,Filled,Total,Fee,,,
,2021-01-02 11:56:02,29741.40,0.000400,11.89656000,0.00023906BNB,,,
2021-01-02 11:54:02,BTCUSDT,SELL,0.0,0.000400,29754.68,0.000400,11.91,Filled
,Date(UTC),Trading Price,Filled,Total,Fee,,,
,2021-01-02 11:54:02,29754.68,0.000400,11.90187200,0.00023904BNB,,,
2021-01-02 11:53:42,BTCUSDT,BUY,0.0,0.000400,29735.30,0.000400,11.90,Filled
,Date(UTC),Trading Price,Filled,Total,Fee,,,
,2021-01-02 11:53:42,29735.30,0.000400,11.89412000,0.00023911BNB,,,
2021-01-02 11:53:40,BTCUSDT,SELL,0.0,0.000400,29729.17,0.000400,11.90,Filled
,Date(UTC),Trading Price,Filled,Total,Fee,,,
,2021-01-02 11:53:40,29729.17,0.000400,11.89166800,0.00023883BNB,,,
2021-01-02 11:53:22,BTCUSDT,BUY,0.0,0.000400,29739.23,0.000400,11.90,Filled
,Date(UTC),Trading Price,Filled,Total,Fee,,,
,2021-01-02 11:53:22,29739.23,0.000400,11.89569200,0.00023911BNB,,,
2021-01-02 11:53:16,BTCUSDT,SELL,0.0,0.000400,29729.98,0.000400,11.90,Filled
,Date(UTC),Trading Price,Filled,Total,Fee,,,
,2021-01-02 11:53:16,29729.98,0.000400,11.89199200,0.00023883BNB,,,
2021-01-02 11:41:09,BTCUSDT,BUY,0.0,0.000400,29718.14,0.000400,11.89,Filled
,Date(UTC),Trading Price,Filled,Total,Fee,,,
,2021-01-02 11:41:09,29718.14,0.000400,11.88725600,0.00023919BNB,,,
2021-01-02 11:40:44,BTCUSDT,SELL,0.0,0.000400,29708.78,0.000400,11.89,Filled
,Date(UTC),Trading Price,Filled,Total,Fee,,,
,2021-01-02 11:40:44,29708.78,0.000400,11.88351200,0.00023919BNB,,,
2021-01-02 11:32:02,BTCUSDT,BUY,0.0,0.000400,29675.65,0.000400,11.88,Filled
,Date(UTC),Trading Price,Filled,Total,Fee,,,
,2021-01-02 11:32:02,29675.65,0.000400,11.87026000,0.00023896BNB,,,
2021-01-02 11:30:03,BTCUSDT,SELL,0.0,0.000400,29665.83,0.000400,11.87,Filled
,Date(UTC),Trading Price,Filled,Total,Fee,,,
,2021-01-02 11:30:03,29665.83,0.000400,11.86633200,0.00023868BNB,,,
2021-01-02 11:29:47,BTCUSDT,BUY,0.0,0.000400,29669.71,0.000400,11.87,Filled
,Date(UTC),Trading Price,Filled,Total,Fee,,,
,2021-01-02 11:29:47,29669.71,0.000400,11.86788400,0.00023869BNB,,,
2021-01-02 11:29:34,BTCUSDT,SELL,0.0,0.000400,29660.81,0.000400,11.87,Filled
,Date(UTC),Trading Price,Filled,Total,Fee,,,
,2021-01-02 11:29:34,29660.81,0.000400,11.86432400,0.00023864BNB,,,
2021-01-02 11:29:17,BTCUSDT,BUY,0.0,0.000400,29679.21,0.000400,11.88,Filled
,Date(UTC),Trading Price,Filled,Total,Fee,,,
,2021-01-02 11:29:17,29679.21,0.000400,11.87168400,0.00023869BNB,,,
2021-01-02 11:20:26,BTCUSDT,SELL,0.0,0.000400,29713.15,0.000400,11.89,Filled
,Date(UTC),Trading Price,Filled,Total,Fee,,,
,2021-01-02 11:20:26,29713.15,0.000400,11.88526000,0.00023912BNB,,,
2021-01-02 11:20:17,BTCUSDT,BUY,0.0,0.000400,29718.14,0.000400,11.89,Filled
,Date(UTC),Trading Price,Filled,Total,Fee,,,
,2021-01-02 11:20:17,29718.14,0.000400,11.88725600,0.00023911BNB,,,
2021-01-02 11:20:15,BTCUSDT,SELL,0.0,0.000400,29715.92,0.000400,11.89,Filled
,Date(UTC),Trading Price,Filled,Total,Fee,,,
,2021-01-02 11:20:15,29715.92,0.000400,11.88636800,0.00023914BNB,,,
2021-01-02 11:20:13,BTCUSDT,BUY,0.0,0.000400,29718.35,0.000400,11.89,Filled
,Date(UTC),Trading Price,Filled,Total,Fee,,,
,2021-01-02 11:20:13,29718.35,0.000400,11.88734000,0.00023911BNB,,,
2021-01-02 11:20:07,BTCUSDT,SELL,0.0,0.000400,29707.40,0.000400,11.89,Filled
,Date(UTC),Trading Price,Filled,Total,Fee,,,
,2021-01-02 11:20:07,29707.40,0.000400,11.88296000,0.00023907BNB,,,
2021-01-02 11:20:02,BTCUSDT,BUY,0.0,0.000400,29720.97,0.000400,11.89,Filled
,Date(UTC),Trading Price,Filled,Total,Fee,,,
,2021-01-02 11:20:02,29720.97,0.000400,11.88838800,0.00023900BNB,,,
2021-01-02 11:11:33,BTCUSDT,SELL,0.0,0.000400,29745.34,0.000400,11.90,Filled
,Date(UTC),Trading Price,Filled,Total,Fee,,,
,2021-01-02 11:11:33,29745.34,0.000400,11.89813600,0.00023936BNB,,,
2021-01-02 11:11:03,BTCUSDT,BUY,0.0,0.000400,29760.00,0.000400,11.91,Filled
,Date(UTC),Trading Price,Filled,Total,Fee,,,
,2021-01-02 11:11:03,29760.00,0.000400,11.90400000,0.00023942BNB,,,
2021-01-02 11:02:06,BTCUSDT,SELL,29707.74,0.000400,29716.49,0.000400,11.89,Filled
,Date(UTC),Trading Price,Filled,Total,Fee,,,
,2021-01-02 11:02:06,29716.49,0.000400,11.88659600,0.00023958BNB,,,
2021-01-02 10:49:02,BTCUSDT,BUY,0.0,0.000400,29729.27,0.000400,11.90,Filled
,Date(UTC),Trading Price,Filled,Total,Fee,,,
,2021-01-02 10:49:02,29729.27,0.000400,11.89170800,0.00023964BNB,,,
2021-01-02 10:45:51,BTCUSDT,SELL,0.0,0.000400,29710.46,0.000400,11.89,Filled
,Date(UTC),Trading Price,Filled,Total,Fee,,,
,2021-01-02 10:45:51,29710.46,0.000400,11.88418400,0.00023928BNB,,,
2021-01-02 10:44:29,BTCUSDT,BUY,0.0,0.000400,29727.92,0.000400,11.90,Filled
,Date(UTC),Trading Price,Filled,Total,Fee,,,
,2021-01-02 10:44:29,29727.92,0.000400,11.89116800,0.00023917BNB,,,
2021-01-02 10:44:27,BTCUSDT,SELL,0.0,0.000400,29723.90,0.000400,11.89,Filled
,Date(UTC),Trading Price,Filled,Total,Fee,,,
,2021-01-02 10:44:27,29723.90,0.000400,11.88956000,0.00023911BNB,,,
2021-01-02 10:44:25,BTCUSDT,BUY,0.0,0.000400,29716.57,0.000400,11.89,Filled
,Date(UTC),Trading Price,Filled,Total,Fee,,,
,2021-01-02 10:44:25,29716.57,0.000400,11.88662800,0.00023917BNB,,,
2021-01-02 10:44:08,BTCUSDT,SELL,0.0,0.000400,29706.07,0.000400,11.89,Filled
,Date(UTC),Trading Price,Filled,Total,Fee,,,
,2021-01-02 10:44:08,29706.07,0.000400,11.88242800,0.00023897BNB,,,
2021-01-02 10:44:02,BTCUSDT,BUY,0.0,0.000400,29731.31,0.000400,11.90,Filled
,Date(UTC),Trading Price,Filled,Total,Fee,,,
,2021-01-02 10:44:02,29731.31,0.000400,11.89252400,0.00023940BNB,,,
2021-01-02 10:40:02,BTCUSDT,SELL,0.0,0.000400,29735.38,0.000400,11.90,Filled
,Date(UTC),Trading Price,Filled,Total,Fee,,,
,2021-01-02 10:40:02,29735.38,0.000400,11.89415200,0.00023889BNB,,,
2021-01-02 10:38:03,BTCUSDT,BUY,0.0,0.000400,29746.57,0.000400,11.90,Filled
,Date(UTC),Trading Price,Filled,Total,Fee,,,
,2021-01-02 10:38:03,29746.57,0.000400,11.89862800,0.00023919BNB,,,
2021-01-02 10:31:56,BTCUSDT,SELL,0.0,0.000400,29743.14,0.000400,11.90,Filled
,Date(UTC),Trading Price,Filled,Total,Fee,,,
,2021-01-02 10:31:56,29743.14,0.000400,11.89725600,0.00023823BNB,,,
2021-01-02 10:29:02,BTCUSDT,BUY,0.0,0.000400,29771.62,0.000400,11.91,Filled
,Date(UTC),Trading Price,Filled,Total,Fee,,,
,2021-01-02 10:29:02,29771.62,0.000400,11.90864800,0.00023925BNB,,,
2021-01-02 10:27:27,BTCUSDT,SELL,0.0,0.000400,29758.26,0.000400,11.91,Filled
,Date(UTC),Trading Price,Filled,Total,Fee,,,
,2021-01-02 10:27:27,29758.26,0.000400,11.90330400,0.00023917BNB,,,
2021-01-02 10:27:13,BTCUSDT,BUY,0.0,0.000400,29768.63,0.000400,11.91,Filled
,Date(UTC),Trading Price,Filled,Total,Fee,,,
,2021-01-02 10:27:13,29768.63,0.000400,11.90745200,0.00023925BNB,,,
2021-01-02 10:27:11,BTCUSDT,SELL,0.0,0.000400,29769.99,0.000400,11.91,Filled
,Date(UTC),Trading Price,Filled,Total,Fee,,,
,2021-01-02 10:27:11,29769.99,0.000400,11.90799600,0.00023926BNB,,,
2021-01-02 10:27:02,BTCUSDT,BUY,0.0,0.000400,29769.28,0.000400,11.91,Filled
,Date(UTC),Trading Price,Filled,Total,Fee,,,
,2021-01-02 10:27:02,29769.28,0.000400,11.90771200,0.00023917BNB,,,
2021-01-02 10:26:40,BTCUSDT,SELL,0.0,0.000400,29774.37,0.000400,11.91,Filled
,Date(UTC),Trading Price,Filled,Total,Fee,,,
,2021-01-02 10:26:40,29774.37,0.000400,11.90974800,0.00023919BNB,,,
2021-01-02 10:26:29,BTCUSDT,BUY,0.0,0.000400,29778.71,0.000400,11.92,Filled
,Date(UTC),Trading Price,Filled,Total,Fee,,,
,2021-01-02 10:26:29,29778.71,0.000400,11.91148400,0.00023917BNB,,,
2021-01-02 10:26:24,BTCUSDT,SELL,0.0,0.000400,29773.24,0.000400,11.91,Filled
,Date(UTC),Trading Price,Filled,Total,Fee,,,
,2021-01-02 10:26:24,29773.24,0.000400,11.90929600,0.00023918BNB,,,
2021-01-02 10:26:10,BTCUSDT,BUY,0.0,0.000400,29777.00,0.000400,11.92,Filled
,Date(UTC),Trading Price,Filled,Total,Fee,,,
,2021-01-02 10:26:10,29777.00,0.000400,11.91080000,0.00023917BNB,,,
2021-01-02 10:24:12,BTCUSDT,SELL,0.0,0.000400,29784.99,0.000400,11.92,Filled
,Date(UTC),Trading Price,Filled,Total,Fee,,,
,2021-01-02 10:24:12,29784.99,0.000400,11.91399600,0.00023958BNB,,,
2021-01-02 10:16:02,BTCUSDT,BUY,0.0,0.000400,29720.73,0.000400,11.89,Filled
,Date(UTC),Trading Price,Filled,Total,Fee,,,
,2021-01-02 10:16:02,29720.73,0.000400,11.88829200,0.00024003BNB,,,
2021-01-02 10:15:53,BTCUSDT,SELL,0.0,0.000400,29710.60,0.000400,11.89,Filled
,Date(UTC),Trading Price,Filled,Total,Fee,,,
,2021-01-02 10:15:53,29710.60,0.000400,11.88424000,0.00024028BNB,,,
2021-01-02 10:15:51,BTCUSDT,BUY,0.0,0.000400,29710.61,0.000400,11.89,Filled
,Date(UTC),Trading Price,Filled,Total,Fee,,,
,2021-01-02 10:15:51,29710.61,0.000400,11.88424400,0.00024003BNB,,,
2021-01-02 10:15:49,BTCUSDT,SELL,0.0,0.000400,29711.09,0.000400,11.89,Filled
,Date(UTC),Trading Price,Filled,Total,Fee,,,
,2021-01-02 10:15:49,29711.09,0.000400,11.88443600,0.00024028BNB,,,
2021-01-02 10:15:45,BTCUSDT,BUY,0.0,0.000400,29712.62,0.000400,11.89,Filled
,Date(UTC),Trading Price,Filled,Total,Fee,,,
,2021-01-02 10:15:45,29712.62,0.000400,11.88504800,0.00024003BNB,,,
2021-01-02 10:15:41,BTCUSDT,SELL,0.0,0.000400,29706.38,0.000400,11.89,Filled
,Date(UTC),Trading Price,Filled,Total,Fee,,,
,2021-01-02 10:15:41,29706.38,0.000400,11.88255200,0.00024024BNB,,,
2021-01-02 10:06:45,BTCUSDT,BUY,0.0,0.000400,29574.12,0.000400,11.83,Filled
,Date(UTC),Trading Price,Filled,Total,Fee,,,
,2021-01-02 10:06:45,29574.12,0.000400,11.82964800,0.00023997BNB,,,
2021-01-02 09:55:02,BTCUSDT,SELL,0.0,0.000400,29797.52,0.000400,11.92,Filled
,Date(UTC),Trading Price,Filled,Total,Fee,,,
,2021-01-02 09:55:02,29797.52,0.000400,11.91900800,0.00024090BNB,,,
2021-01-02 09:54:58,BTCUSDT,BUY,0.0,0.000400,29785.80,0.000400,11.92,Filled
,Date(UTC),Trading Price,Filled,Total,Fee,,,
,2021-01-02 09:54:58,29785.80,0.000400,11.91432000,0.00024108BNB,,,
2021-01-02 09:54:56,BTCUSDT,SELL,0.0,0.000400,29782.28,0.000400,11.92,Filled
,Date(UTC),Trading Price,Filled,Total,Fee,,,
,2021-01-02 09:54:56,29782.28,0.000400,11.91291200,0.00024078BNB,,,
2021-01-02 09:54:21,BTCUSDT,BUY,0.0,0.000400,29790.43,0.000400,11.92,Filled
,Date(UTC),Trading Price,Filled,Total,Fee,,,
,2021-01-02 09:54:21,29790.43,0.000400,11.91617200,0.00024108BNB,,,
2021-01-02 09:54:17,BTCUSDT,SELL,0.0,0.000400,29781.39,0.000400,11.92,Filled
,Date(UTC),Trading Price,Filled,Total,Fee,,,
,2021-01-02 09:54:17,29781.39,0.000400,11.91255600,0.00024078BNB,,,
2021-01-02 09:50:40,BTCUSDT,BUY,0.0,0.000400,29803.76,0.000400,11.93,Filled
,Date(UTC),Trading Price,Filled,Total,Fee,,,
,2021-01-02 09:50:40,29803.76,0.000400,11.92150400,0.00024084BNB,,,
2021-01-02 09:50:30,BTCUSDT,SELL,0.0,0.000400,29779.89,0.000400,11.92,Filled
,Date(UTC),Trading Price,Filled,Total,Fee,,,
,2021-01-02 09:50:30,29779.89,0.000400,11.91195600,0.00024076BNB,,,
2021-01-02 09:50:08,BTCUSDT,BUY,0.0,0.000400,29805.12,0.000400,11.93,Filled
,Date(UTC),Trading Price,Filled,Total,Fee,,,
,2021-01-02 09:50:08,29805.12,0.000400,11.92204800,0.00024084BNB,,,
2021-01-02 09:47:41,BTCUSDT,SELL,0.0,0.000400,29736.78,0.000400,11.90,Filled
,Date(UTC),Trading Price,Filled,Total,Fee,,,
,2021-01-02 09:47:41,29736.78,0.000400,11.89471200,0.00024049BNB,,,
2021-01-02 09:47:39,BTCUSDT,BUY,0.0,0.000400,29742.33,0.000400,11.90,Filled
,Date(UTC),Trading Price,Filled,Total,Fee,,,
,2021-01-02 09:47:39,29742.33,0.000400,11.89693200,0.00024063BNB,,,
2021-01-02 09:47:23,BTCUSDT,SELL,0.0,0.000400,29740.00,0.000400,11.90,Filled
,Date(UTC),Trading Price,Filled,Total,Fee,,,
,2021-01-02 09:47:23,29740.00,0.000400,11.89600000,0.00024052BNB,,,
2021-01-02 09:43:33,BTCUSDT,BUY,0.0,0.000400,29729.85,0.000400,11.90,Filled
,Date(UTC),Trading Price,Filled,Total,Fee,,,
,2021-01-02 09:43:33,29729.85,0.000400,11.89194000,0.00024039BNB,,,
2021-01-02 09:43:31,BTCUSDT,SELL,0.0,0.000400,29727.34,0.000400,11.90,Filled
,Date(UTC),Trading Price,Filled,Total,Fee,,,
,2021-01-02 09:43:31,29727.34,0.000400,11.89093600,0.00024041BNB,,,
2021-01-02 09:38:02,BTCUSDT,BUY,0.0,0.000400,29705.55,0.000400,11.89,Filled
,Date(UTC),Trading Price,Filled,Total,Fee,,,
,2021-01-02 09:38:02,29705.55,0.000400,11.88222000,0.00023976BNB,,,
2021-01-02 09:34:35,BTCUSDT,SELL,0.0,0.000400,29706.00,0.000400,11.89,Filled
,Date(UTC),Trading Price,Filled,Total,Fee,,,
,2021-01-02 09:34:35,29706.00,0.000400,11.88240000,0.00024005BNB,,,
2021-01-02 09:34:33,BTCUSDT,BUY,0.0,0.000400,29707.25,0.000400,11.89,Filled
,Date(UTC),Trading Price,Filled,Total,Fee,,,
,2021-01-02 09:34:33,29707.25,0.000400,11.88290000,0.00024024BNB,,,
2021-01-02 09:34:30,BTCUSDT,SELL,0.0,0.000400,29706.00,0.000400,11.89,Filled
,Date(UTC),Trading Price,Filled,Total,Fee,,,
,2021-01-02 09:34:30,29706.00,0.000400,11.88240000,0.00024005BNB,,,
2021-01-02 09:33:02,BTCUSDT,BUY,0.0,0.000400,29725.50,0.000400,11.90,Filled
,Date(UTC),Trading Price,Filled,Total,Fee,,,
,2021-01-02 09:33:02,29725.50,0.000400,11.89020000,0.00024009BNB,,,
2021-01-02 09:31:43,BTCUSDT,SELL,0.0,0.000400,29710.93,0.000400,11.89,Filled
,Date(UTC),Trading Price,Filled,Total,Fee,,,
,2021-01-02 09:31:43,29710.93,0.000400,11.88437200,0.00024017BNB,,,
2021-01-02 09:31:09,BTCUSDT,BUY,0.0,0.000400,29733.10,0.000400,11.90,Filled
,Date(UTC),Trading Price,Filled,Total,Fee,,,
,2021-01-02 09:31:09,29733.10,0.000375,11.14991250,0.00022823BNB,,,
,2021-01-02 09:31:09,29733.10,0.000025,0.74332750,0.00001801BNB,,,
2021-01-02 09:29:28,BTCUSDT,SELL,0.0,0.000400,29699.99,0.000400,11.88,Filled
,Date(UTC),Trading Price,Filled,Total,Fee,,,
,2021-01-02 09:29:28,29699.99,0.000400,11.87999600,0.00024003BNB,,,
2021-01-02 09:29:16,BTCUSDT,SELL,29734.03,0.000400,0,0.000000,0.00,Canceled
2021-01-02 09:28:11,BTCUSDT,BUY,0.0,0.000400,29729.69,0.000400,11.90,Filled
,Date(UTC),Trading Price,Filled,Total,Fee,,,
,2021-01-02 09:28:11,29729.69,0.000400,11.89187600,0.00024024BNB,,,
2021-01-02 09:02:02,BTCUSDT,SELL,0.0,0.000400,29810.11,0.000400,11.93,Filled
,Date(UTC),Trading Price,Filled,Total,Fee,,,
,2021-01-02 09:02:02,29810.11,0.000400,11.92404400,0.00024075BNB,,,
2021-01-02 08:58:25,BTCUSDT,BUY,0.0,0.000400,29823.08,0.000400,11.93,Filled
,Date(UTC),Trading Price,Filled,Total,Fee,,,
,2021-01-02 08:58:25,29823.08,0.000400,11.92923200,0.00024088BNB,,,
2021-01-02 08:55:08,BTCUSDT,SELL,0.0,0.000400,29834.99,0.000400,11.94,Filled
,Date(UTC),Trading Price,Filled,Total,Fee,,,
,2021-01-02 08:55:08,29834.99,0.000400,11.93399600,0.00024055BNB,,,
2021-01-02 08:54:20,BTCUSDT,BUY,0.0,0.000400,29815.64,0.000400,11.93,Filled
,Date(UTC),Trading Price,Filled,Total,Fee,,,
,2021-01-02 08:54:20,29815.64,0.000400,11.92625600,0.00024036BNB,,,
2021-01-02 08:54:10,BTCUSDT,SELL,29783.40,0.000400,29810.68,0.000400,11.93,Filled
,Date(UTC),Trading Price,Filled,Total,Fee,,,
,2021-01-02 08:54:10,29810.68,0.000400,11.92427200,0.00024042BNB,,,
2021-01-02 08:51:03,BTCUSDT,BUY,0.0,0.000400,29823.36,0.000400,11.93,Filled
,Date(UTC),Trading Price,Filled,Total,Fee,,,
,2021-01-02 08:51:03,29823.36,0.000400,11.92934400,0.00024119BNB,,,
2021-01-02 08:39:02,BTCUSDT,SELL,0.0,0.000400,29743.09,0.000400,11.90,Filled
,Date(UTC),Trading Price,Filled,Total,Fee,,,
,2021-01-02 08:39:02,29743.09,0.000400,11.89723600,0.00024027BNB,,,
2021-01-02 08:34:02,BTCUSDT,BUY,0.0,0.000400,29713.65,0.000400,11.89,Filled
,Date(UTC),Trading Price,Filled,Total,Fee,,,
,2021-01-02 08:34:02,29713.65,0.000400,11.88546000,0.00023982BNB,,,
2021-01-02 08:29:02,BTCUSDT,SELL,0.0,0.000400,29760.00,0.000400,11.91,Filled
,Date(UTC),Trading Price,Filled,Total,Fee,,,
,2021-01-02 08:29:02,29760.00,0.000400,11.90400000,0.00024046BNB,,,
2021-01-02 08:24:36,BTCUSDT,BUY,0.0,0.000400,29780.55,0.000400,11.92,Filled
,Date(UTC),Trading Price,Filled,Total,Fee,,,
,2021-01-02 08:24:36,29780.55,0.000400,11.91222000,0.00024043BNB,,,
2021-01-02 08:22:53,BTCUSDT,SELL,0.0,0.000400,29741.61,0.000400,11.90,Filled
,Date(UTC),Trading Price,Filled,Total,Fee,,,
,2021-01-02 08:22:53,29741.61,0.000400,11.89664400,0.00024041BNB,,,
2021-01-02 08:18:26,BTCUSDT,BUY,0.0,0.000400,29741.64,0.000400,11.90,Filled
,Date(UTC),Trading Price,Filled,Total,Fee,,,
,2021-01-02 08:18:26,29741.64,0.000400,11.89665600,0.00024003BNB,,,
2021-01-02 08:07:18,BTCUSDT,SELL,0.0,0.000400,29825.77,0.000400,11.94,Filled
,Date(UTC),Trading Price,Filled,Total,Fee,,,
,2021-01-02 08:07:18,29825.77,0.000039,1.16320503,0.00002341BNB,,,
,2021-01-02 08:07:18,29825.76,0.000361,10.76709936,0.00021675BNB,,,
2021-01-02 08:06:02,BTCUSDT,BUY,0.0,0.000400,29839.18,0.000400,11.94,Filled
,Date(UTC),Trading Price,Filled,Total,Fee,,,
,2021-01-02 08:06:02,29839.18,0.000400,11.93567200,0.00023974BNB,,,
2021-01-02 08:05:02,BTCUSDT,SELL,0.0,0.000400,29818.19,0.000400,11.93,Filled
,Date(UTC),Trading Price,Filled,Total,Fee,,,
,2021-01-02 08:05:02,29818.19,0.000400,11.92727600,0.00023976BNB,,,
2021-01-02 07:52:02,BTCUSDT,BUY,0.0,0.000400,29766.40,0.000400,11.91,Filled
,Date(UTC),Trading Price,Filled,Total,Fee,,,
,2021-01-02 07:52:02,29766.40,0.000400,11.90656000,0.00023886BNB,,,
2021-01-02 07:39:06,BTCUSDT,SELL,0.0,0.000400,29660.02,0.000400,11.87,Filled
,Date(UTC),Trading Price,Filled,Total,Fee,,,
,2021-01-02 07:39:06,29660.02,0.000400,11.86400800,0.00023766BNB,,,
2021-01-02 07:37:20,BTCUSDT,BUY,0.0,0.000400,29680.99,0.000400,11.88,Filled
,Date(UTC),Trading Price,Filled,Total,Fee,,,
,2021-01-02 07:37:20,29680.99,0.000400,11.87239600,0.00023769BNB,,,
2021-01-02 07:25:09,BTCUSDT,SELL,0.0,0.000400,29685.23,0.000400,11.88,Filled
,Date(UTC),Trading Price,Filled,Total,Fee,,,
,2021-01-02 07:25:09,29685.23,0.000400,11.87409200,0.00023755BNB,,,
2021-01-02 07:24:09,BTCUSDT,BUY,0.0,0.000400,29721.78,0.000400,11.89,Filled
,Date(UTC),Trading Price,Filled,Total,Fee,,,
,2021-01-02 07:24:09,29721.78,0.000157,4.66631946,0.00009510BNB,,,
,2021-01-02 07:24:09,29721.78,0.000243,7.22239254,0.00014265BNB,,,
2021-01-02 07:23:37,BTCUSDT,SELL,0.0,0.000400,29697.37,0.000400,11.88,Filled
,Date(UTC),Trading Price,Filled,Total,Fee,,,
,2021-01-02 07:23:37,29697.37,0.000400,11.87894800,0.00023770BNB,,,
2021-01-02 07:22:17,BTCUSDT,SELL,29717.94,0.000400,0,0.000000,0.00,Canceled
2021-01-02 01:30:59,BTCUSDT,BUY,0.0,0.000400,29220.00,0.000400,11.69,Filled
,Date(UTC),Trading Price,Filled,Total,Fee,,,
,2021-01-02 01:30:59,29220.00,0.000400,11.68800000,0.00023692BNB,,,
2021-01-02 01:28:33,BTCUSDT,SELL,0.0,0.000400,29203.46,0.000400,11.69,Filled
,Date(UTC),Trading Price,Filled,Total,Fee,,,
,2021-01-02 01:28:33,29203.46,0.000400,11.68138400,0.00023712BNB,,,
2021-01-02 01:15:53,BTCUSDT,BUY,0.0,0.000400,29178.23,0.000400,11.68,Filled
,Date(UTC),Trading Price,Filled,Total,Fee,,,
,2021-01-02 01:15:53,29178.23,0.000400,11.67129200,0.00023696BNB,,,
2021-01-02 01:09:03,BTCUSDT,SELL,0.0,0.000400,29186.42,0.000400,11.68,Filled
,Date(UTC),Trading Price,Filled,Total,Fee,,,
,2021-01-02 01:09:03,29186.42,0.000400,11.67456800,0.00023574BNB,,,
2021-01-02 00:31:02,BTCUSDT,BUY,0.0,0.000400,29027.25,0.000400,11.62,Filled
,Date(UTC),Trading Price,Filled,Total,Fee,,,
,2021-01-02 00:31:02,29027.25,0.000400,11.61090000,0.00023592BNB,,,
2021-01-02 00:27:06,BTCUSDT,SELL,0.0,0.000400,29062.76,0.000400,11.63,Filled
,Date(UTC),Trading Price,Filled,Total,Fee,,,
,2021-01-02 00:27:06,29062.76,0.000400,11.62510400,0.00023484BNB,,,
2021-01-01 23:49:07,BTCUSDT,BUY,0.0,0.000400,29293.40,0.000400,11.72,Filled
,Date(UTC),Trading Price,Filled,Total,Fee,,,
,2021-01-01 23:49:07,29293.40,0.000400,11.71736000,0.00023284BNB,,,
2021-01-01 23:43:29,BTCUSDT,SELL,0.0,0.000400,29293.21,0.000400,11.72,Filled
,Date(UTC),Trading Price,Filled,Total,Fee,,,
,2021-01-01 23:43:29,29293.21,0.000400,11.71728400,0.00023280BNB,,,
2021-01-01 23:40:09,BTCUSDT,BUY,0.0,0.000400,29320.00,0.000400,11.73,Filled
,Date(UTC),Trading Price,Filled,Total,Fee,,,
,2021-01-01 23:40:09,29320.00,0.000400,11.72800000,0.00023298BNB,,,
2021-01-01 23:30:59,BTCUSDT,SELL,0.0,0.000400,29273.55,0.000400,11.71,Filled
,Date(UTC),Trading Price,Filled,Total,Fee,,,
,2021-01-01 23:30:59,29273.55,0.000400,11.70942000,0.00023377BNB,,,
2021-01-01 23:30:48,BTCUSDT,SELL,29292.06,0.000400,0,0.000000,0.00,Canceled
2021-01-01 23:30:00,BTCUSDT,BUY,0.0,0.000400,29276.25,0.000400,11.72,Filled
,Date(UTC),Trading Price,Filled,Total,Fee,,,
,2021-01-01 23:30:00,29276.25,0.000400,11.71050000,0.00023375BNB,,,
2021-01-01 23:12:47,BTCUSDT,SELL,0.0,0.000400,29284.64,0.000400,11.72,Filled
,Date(UTC),Trading Price,Filled,Total,Fee,,,
,2021-01-01 23:12:47,29284.64,0.000400,11.71385600,0.00023316BNB,,,
2021-01-01 23:11:33,BTCUSDT,BUY,0.0,0.000400,29286.54,0.000400,11.72,Filled
,Date(UTC),Trading Price,Filled,Total,Fee,,,
,2021-01-01 23:11:33,29286.54,0.000400,11.71461600,0.00023324BNB,,,
2021-01-01 23:03:03,BTCUSDT,SELL,0.0,0.000400,29289.18,0.000400,11.72,Filled
,Date(UTC),Trading Price,Filled,Total,Fee,,,
,2021-01-01 23:03:03,29289.18,0.000400,11.71567200,0.00023391BNB,,,
2021-01-01 23:02:32,BTCUSDT,SELL,0.0,0.000400,29275.00,0.000400,11.71,Filled
,Date(UTC),Trading Price,Filled,Total,Fee,,,
,2021-01-01 23:02:32,29275.00,0.000400,11.71000000,0.00023379BNB,,,
2021-01-01 23:02:32,BTCUSDT,BUY,0.0,0.000400,29275.01,0.000400,11.72,Filled
,Date(UTC),Trading Price,Filled,Total,Fee,,,
,2021-01-01 23:02:32,29275.01,0.000400,11.71000400,0.00023371BNB,,,
2021-01-01 23:02:16,BTCUSDT,SELL,0.0,0.000400,29265.23,0.000400,11.71,Filled
,Date(UTC),Trading Price,Filled,Total,Fee,,,
,2021-01-01 23:02:16,29265.23,0.000400,11.70609200,0.00023372BNB,,,
2021-01-01 23:02:16,BTCUSDT,BUY,0.0,0.000400,29265.24,0.000400,11.71,Filled
,Date(UTC),Trading Price,Filled,Total,Fee,,,
,2021-01-01 23:02:16,29265.24,0.000400,11.70609600,0.00023371BNB,,,
2021-01-01 23:00:02,BTCUSDT,BUY,0.0,0.000400,29264.40,0.000400,11.71,Filled
,Date(UTC),Trading Price,Filled,Total,Fee,,,
,2021-01-01 23:00:02,29264.40,0.000400,11.70576000,0.00023362BNB,,,
2021-01-01 22:55:35,BTCUSDT,SELL,0.0,0.000400,29254.01,0.000400,11.71,Filled
,Date(UTC),Trading Price,Filled,Total,Fee,,,
,2021-01-01 22:55:35,29254.01,0.000400,11.70160400,0.00023328BNB,,,
2021-01-01 22:52:02,BTCUSDT,BUY,0.0,0.000400,29271.58,0.000400,11.71,Filled
,Date(UTC),Trading Price,Filled,Total,Fee,,,
,2021-01-01 22:52:02,29271.58,0.000400,11.70863200,0.00023388BNB,,,
2021-01-01 22:45:02,BTCUSDT,SELL,0.0,0.000400,29298.61,0.000400,11.72,Filled
,Date(UTC),Trading Price,Filled,Total,Fee,,,
,2021-01-01 22:45:02,29298.61,0.000400,11.71944400,0.00023425BNB,,,
2021-01-01 22:40:03,BTCUSDT,BUY,0.0,0.000400,29285.14,0.000400,11.72,Filled
,Date(UTC),Trading Price,Filled,Total,Fee,,,
,2021-01-01 22:40:03,29285.14,0.000400,11.71405600,0.00023356BNB,,,
2021-01-01 22:36:15,BTCUSDT,SELL,0.0,0.000400,29290.96,0.000400,11.72,Filled
,Date(UTC),Trading Price,Filled,Total,Fee,,,
,2021-01-01 22:36:15,29290.96,0.000400,11.71638400,0.00023407BNB,,,
2021-01-01 22:31:15,BTCUSDT,BUY,0.0,0.000400,29289.40,0.000400,11.72,Filled
,Date(UTC),Trading Price,Filled,Total,Fee,,,
,2021-01-01 22:31:15,29289.40,0.000400,11.71576000,0.00023393BNB,,,
2021-01-01 22:29:20,BTCUSDT,SELL,29247.98,0.000400,29284.15,0.000400,11.72,Filled
,Date(UTC),Trading Price,Filled,Total,Fee,,,
,2021-01-01 22:29:20,29284.15,0.000400,11.71366000,0.00023404BNB,,,
2021-01-01 22:28:05,BTCUSDT,BUY,0.0,0.000400,29286.44,0.000400,11.72,Filled
,Date(UTC),Trading Price,Filled,Total,Fee,,,
,2021-01-01 22:28:05,29286.44,0.000400,11.71457600,0.00023413BNB,,,
2021-01-01 22:27:02,BTCUSDT,SELL,0.0,0.000400,29280.43,0.000400,11.72,Filled
,Date(UTC),Trading Price,Filled,Total,Fee,,,
,2021-01-01 22:27:02,29280.43,0.000400,11.71217200,0.00023406BNB,,,
2021-01-01 22:22:02,BTCUSDT,BUY,0.0,0.000400,29272.28,0.000400,11.71,Filled
,Date(UTC),Trading Price,Filled,Total,Fee,,,
,2021-01-01 22:22:02,29272.28,0.000400,11.70891200,0.00023406BNB,,,
2021-01-01 22:20:13,BTCUSDT,SELL,0.0,0.000400,29252.56,0.000400,11.71,Filled
,Date(UTC),Trading Price,Filled,Total,Fee,,,
,2021-01-01 22:20:13,29252.56,0.000400,11.70102400,0.00023418BNB,,,
2021-01-01 22:10:28,BTCUSDT,BUY,0.0,0.000400,29199.94,0.000400,11.68,Filled
,Date(UTC),Trading Price,Filled,Total,Fee,,,
,2021-01-01 22:10:28,29199.94,0.000400,11.67997600,0.00023426BNB,,,
2021-01-01 22:09:05,BTCUSDT,SELL,0.0,0.000400,29187.80,0.000400,11.68,Filled
,Date(UTC),Trading Price,Filled,Total,Fee,,,
,2021-01-01 22:09:05,29187.80,0.000400,11.67512000,0.00023487BNB,,,
2021-01-01 22:03:03,BTCUSDT,BUY,0.0,0.000400,29148.89,0.000400,11.66,Filled
,Date(UTC),Trading Price,Filled,Total,Fee,,,
,2021-01-01 22:03:03,29148.89,0.000400,11.65955600,0.00023492BNB,,,
2021-01-01 21:59:31,BTCUSDT,SELL,0.0,0.000400,29173.36,0.000400,11.67,Filled
,Date(UTC),Trading Price,Filled,Total,Fee,,,
,2021-01-01 21:59:31,29173.36,0.000400,11.66934400,0.00023494BNB,,,
2021-01-01 21:57:02,BTCUSDT,BUY,0.0,0.000400,29194.97,0.000400,11.68,Filled
,Date(UTC),Trading Price,Filled,Total,Fee,,,
,2021-01-01 21:57:02,29194.97,0.000400,11.67798800,0.00023446BNB,,,
2021-01-01 21:54:54,BTCUSDT,SELL,0.0,0.000400,29198.92,0.000400,11.68,Filled
,Date(UTC),Trading Price,Filled,Total,Fee,,,
,2021-01-01 21:54:54,29198.92,0.000400,11.67956800,0.00023460BNB,,,
2021-01-01 21:54:01,BTCUSDT,BUY,0.0,0.000400,29202.07,0.000400,11.69,Filled
,Date(UTC),Trading Price,Filled,Total,Fee,,,
,2021-01-01 21:54:01,29202.07,0.000400,11.68082800,0.00023453BNB,,,
2021-01-01 21:51:04,BTCUSDT,SELL,0.0,0.000400,29190.70,0.000400,11.68,Filled
,Date(UTC),Trading Price,Filled,Total,Fee,,,
,2021-01-01 21:51:04,29190.70,0.000400,11.67628000,0.00023464BNB,,,
2021-01-01 21:50:49,BTCUSDT,SELL,29215.99,0.000400,0,0.000000,0.00,Canceled
2021-01-01 21:50:07,BTCUSDT,BUY,0.0,0.000400,29190.81,0.000400,11.68,Filled
,Date(UTC),Trading Price,Filled,Total,Fee,,,
,2021-01-01 21:50:07,29190.81,0.000400,11.67632400,0.00023497BNB,,,
2021-01-01 21:31:11,BTCUSDT,SELL,0.0,0.000400,29233.46,0.000400,11.70,Filled
,Date(UTC),Trading Price,Filled,Total,Fee,,,
,2021-01-01 21:31:11,29233.46,0.000400,11.69338400,0.00023470BNB,,,
2021-01-01 21:30:58,BTCUSDT,BUY,0.0,0.000400,29232.70,0.000400,11.70,Filled
,Date(UTC),Trading Price,Filled,Total,Fee,,,
,2021-01-01 21:30:58,29232.70,0.000400,11.69308000,0.00023464BNB,,,
2021-01-01 21:28:57,ETHUSDT,SELL,0.0,0.02156,729.22,0.02156,15.73,Filled
,Date(UTC),Trading Price,Filled,Total,Fee,,,
,2021-01-01 21:28:57,729.22,0.01877,13.68745940,0.00027473BNB,,,
,2021-01-01 21:28:57,729.22,0.00279,2.03452380,0.00004083BNB,,,
2021-01-01 11:53:45,ETHUSDT,BUY,0.0,0.10779,738.21,0.10779,79.58,Filled
,Date(UTC),Trading Price,Filled,Total,Fee,,,
,2021-01-01 11:53:45,738.21,0.10779,79.57165590,0.00154829BNB,,,
2021-01-01 11:37:27,ETHUSDT,SELL,0.0,0.10766,739.04,0.10766,79.57,Filled
,Date(UTC),Trading Price,Filled,Total,Fee,,,
,2021-01-01 11:37:27,739.04,0.10766,79.56504640,0.00154604BNB,,,
2021-01-01 11:08:38,ETHUSDT,BUY,0.0,0.10766,737.68,0.10766,79.42,Filled
,Date(UTC),Trading Price,Filled,Total,Fee,,,
,2021-01-01 11:08:38,737.68,0.10766,79.41862880,0.00153714BNB,,,
2021-01-01 10:59:02,BTCUSDT,SELL,0.0,0.002715,29246.74,0.002715,79.41,Filled
,Date(UTC),Trading Price,Filled,Total,Fee,,,
,2021-01-01 10:59:02,29246.74,0.002715,79.40489910,0.00153786BNB,,,
2021-01-01 10:58:25,BTCUSDT,SELL,29297.86,0.002715,0,0.000000,0.00,Canceled
2020-12-31 12:10:33,BTCUSDT,BUY,0.0,0.002715,28963.15,0.002715,78.64,Filled
,Date(UTC),Trading Price,Filled,Total,Fee,,,
,2020-12-31 12:10:33,28963.15,0.002715,78.63495225,0.00156225BNB,,,
2020-12-31 10:06:28,BTCUSDT,SELL,0.0,0.002702,29106.01,0.002702,78.65,Filled
,Date(UTC),Trading Price,Filled,Total,Fee,,,
,2020-12-31 10:06:28,29106.01,0.002702,78.64443902,0.00156353BNB,,,
2020-12-31 09:32:34,BTCUSDT,BUY,0.0,0.002702,28876.15,0.002702,78.03,Filled
,Date(UTC),Trading Price,Filled,Total,Fee,,,
,2020-12-31 09:32:34,28876.15,0.002702,78.02335730,0.00155433BNB,,,
2020-12-30 13:09:58,BTCUSDT,SELL,0.0,0.002800,27821.31,0.002800,77.90,Filled
,Date(UTC),Trading Price,Filled,Total,Fee,,,
,2020-12-30 13:09:58,27821.31,0.002800,77.89966800,0.00156513BNB,,,
2020-12-30 13:03:24,BTCUSDT,BUY,0.0,0.002800,27879.44,0.002800,78.07,Filled
,Date(UTC),Trading Price,Filled,Total,Fee,,,
,2020-12-30 13:03:24,27879.44,0.002800,78.06243200,0.00156587BNB,,,
2020-12-30 11:47:43,BTCUSDT,SELL,0.0,0.002815,27724.49,0.002815,78.05,Filled
,Date(UTC),Trading Price,Filled,Total,Fee,,,
,2020-12-30 11:47:43,27724.49,0.002815,78.04443935,0.00156917BNB,,,
2020-12-30 11:47:19,BTCUSDT,BUY,0.0,0.002815,27738.39,0.002815,78.09,Filled
,Date(UTC),Trading Price,Filled,Total,Fee,,,
,2020-12-30 11:47:19,27738.39,0.002815,78.08356785,0.00157190BNB,,,
2020-12-30 11:43:19,BTCUSDT,SELL,0.0,0.002820,27675.77,0.002820,78.05,Filled
,Date(UTC),Trading Price,Filled,Total,Fee,,,
,2020-12-30 11:43:19,27675.77,0.002820,78.04567140,0.00156719BNB,,,
2020-12-30 11:25:56,BTCUSDT,BUY,0.0,0.002820,27920.00,0.002820,78.74,Filled
,Date(UTC),Trading Price,Filled,Total,Fee,,,
,2020-12-30 11:25:56,27920.00,0.002820,78.73440000,0.00157717BNB,,,
2020-12-30 11:24:14,BTCUSDT,SELL,0.0,0.002801,27915.03,0.002801,78.19,Filled
,Date(UTC),Trading Price,Filled,Total,Fee,,,
,2020-12-30 11:24:14,27915.03,0.002801,78.18999903,0.00156717BNB,,,
2020-12-30 11:07:10,BTCUSDT,BUY,0.0,0.002801,27803.46,0.002801,77.88,Filled
,Date(UTC),Trading Price,Filled,Total,Fee,,,
,2020-12-30 11:07:10,27803.46,0.002801,77.87749146,0.00156168BNB,,,
2020-12-30 10:26:12,BTCUSDT,SELL,0.0,0.002811,27955.66,0.002811,78.59,Filled
,Date(UTC),Trading Price,Filled,Total,Fee,,,
,2020-12-30 10:26:12,27955.66,0.002811,78.58336026,0.00157290BNB,,,
2020-12-30 08:54:54,BTCUSDT,BUY,0.0,0.002811,27782.49,0.002811,78.10,Filled
,Date(UTC),Trading Price,Filled,Total,Fee,,,
,2020-12-30 08:54:54,27782.49,0.002811,78.09657939,0.00156354BNB,,,
2020-12-27 14:43:53,BTCUSDT,SELL,0.0,0.002844,27497.09,0.002844,78.21,Filled
,Date(UTC),Trading Price,Filled,Total,Fee,,,
,2020-12-27 14:43:53,27498.45,0.001000,27.49845000,0.02749845USDT,,,
,2020-12-27 14:43:53,27496.34,0.001844,50.70325096,0.05070325USDT,,,
2020-12-27 14:42:37,BTCUSDT,SELL,27576.71,0.002844,0,0.000000,0.00,Canceled
2020-12-27 14:42:04,BTCUSDT,BUY,27576.71,0.002847,27576.71,0.002847,78.52,Filled
,Date(UTC),Trading Price,Filled,Total,Fee,,,
,2020-12-27 14:42:05,27576.71,0.002847,78.51089337,0.00000285BTC,,,
2020-12-27 14:18:57,BTCUSDT,SELL,0.0,0.002838,27682.48,0.002838,78.57,Filled
,Date(UTC),Trading Price,Filled,Total,Fee,,,
,2020-12-27 14:18:57,27682.48,0.002838,78.56287824,0.07856288USDT,,,
2020-12-27 13:54:39,BTCUSDT,BUY,0.0,0.002841,27506.63,0.002841,78.15,Filled
,Date(UTC),Trading Price,Filled,Total,Fee,,,
,2020-12-27 13:54:39,27506.63,0.002841,78.14633583,0.00000284BTC,,,
2020-12-27 13:51:15,BTCUSDT,SELL,0.0,0.002844,27512.10,0.002844,78.25,Filled
,Date(UTC),Trading Price,Filled,Total,Fee,,,
,2020-12-27 13:51:15,27512.10,0.002844,78.24441240,0.07824441USDT,,,
2020-12-27 12:34:32,BTCUSDT,BUY,0.0,0.002818,27109.61,0.002818,76.40,Filled
,Date(UTC),Trading Price,Filled,Total,Fee,,,
,2020-12-27 12:34:32,27109.61,0.002818,76.39488098,0.00000282BTC,,,
2020-12-27 12:27:23,BTCUSDT,SELL,0.0,0.002839,26929.76,0.002839,76.46,Filled
,Date(UTC),Trading Price,Filled,Total,Fee,,,
,2020-12-27 12:27:23,26929.76,0.002839,76.45358864,0.07645359USDT,,,
2020-12-27 12:24:20,BTCUSDT,BUY,0.0,0.002871,27025.78,0.002871,77.60,Filled
,Date(UTC),Trading Price,Filled,Total,Fee,,,
,2020-12-27 12:24:20,27025.78,0.002871,77.59101438,0.00000287BTC,,,
2020-12-27 12:18:19,BTCUSDT,SELL,0.0,0.002872,27050.00,0.002872,77.69,Filled
,Date(UTC),Trading Price,Filled,Total,Fee,,,
,2020-12-27 12:18:19,27050.00,0.002872,77.68760000,0.07768760USDT,,,
2020-12-27 12:15:56,BTCUSDT,BUY,0.0,0.002875,27064.56,0.002875,77.82,Filled
,Date(UTC),Trading Price,Filled,Total,Fee,,,
,2020-12-27 12:15:56,27064.56,0.002875,77.81061000,0.00000288BTC,,,
